Date,Occupied_Units,Week,Occupancy,Bookings,Notices,Avg_Booking_Time,Avg_Notice_Time,Has_Bookings,Has_Notices,units_available,Missing_Occupancy_Flag
2016-08-01,60.0,2016-W31,0.8571428571428571,6.0,1.0,7.5,18.0,1,1,70.0,0
2016-08-02,59.0,2016-W31,0.8428571428571429,0.0,0.0,8.333333333333334,14.0,0,0,70.0,0
2016-08-03,58.0,2016-W31,0.8285714285714286,3.0,3.0,9.333333333333334,5.666666666666667,1,1,70.0,0
2016-08-04,59.0,2016-W31,0.8428571428571429,0.0,0.0,8.333333333333334,14.0,0,0,70.0,0
2016-08-05,56.0,2016-W31,0.8,0.0,1.0,8.333333333333334,4.0,0,1,70.0,0
2016-08-06,56.0,2016-W31,0.8,2.0,2.0,1.0,7.0,1,1,70.0,0
2016-08-07,60.0,2016-W31,0.8571428571428571,0.0,6.0,8.333333333333334,30.833333333333332,0,1,70.0,0
2016-08-08,58.0,2016-W32,0.8285714285714286,0.0,0.0,8.333333333333334,14.0,0,0,70.0,0
2016-08-09,57.0,2016-W32,0.8142857142857143,2.0,0.0,9.5,14.0,1,0,70.0,0
2016-08-10,56.0,2016-W32,0.8,1.0,1.0,32.0,8.0,1,1,70.0,0
2016-08-11,56.0,2016-W32,0.8,0.0,2.0,8.333333333333334,31.5,0,1,70.0,0
2016-08-12,56.0,2016-W32,0.8,0.0,0.0,8.333333333333334,14.0,0,0,70.0,0
2016-08-13,55.0,2016-W32,0.7857142857142857,2.0,4.0,8.0,8.75,1,1,70.0,0
2016-08-14,54.0,2016-W32,0.7714285714285715,0.0,0.0,8.333333333333334,14.0,0,0,70.0,0
2016-08-15,54.0,2016-W33,0.7714285714285715,2.0,4.0,26.0,14.0,1,1,70.0,0
2016-08-16,54.0,2016-W33,0.7714285714285715,2.0,1.0,18.0,3.0,1,1,70.0,0
2016-08-17,54.0,2016-W33,0.7714285714285715,2.0,5.0,13.5,13.4,1,1,70.0,0
2016-08-18,53.0,2016-W33,0.7571428571428571,3.0,1.0,9.333333333333334,8.0,1,1,70.0,0
2016-08-19,51.0,2016-W33,0.7285714285714285,4.0,2.0,27.0,13.0,1,1,70.0,0
2016-08-20,45.0,2016-W33,0.6428571428571429,0.0,1.0,8.333333333333334,2.0,0,1,70.0,0
2016-08-21,46.0,2016-W33,0.6571428571428571,0.0,2.0,8.333333333333334,13.0,0,1,70.0,0
2016-08-22,48.0,2016-W34,0.6857142857142857,4.0,1.0,4.75,9.0,1,1,70.0,0
2016-08-23,47.0,2016-W34,0.6714285714285714,4.0,2.0,12.75,126.0,1,1,70.0,0
2016-08-24,48.0,2016-W34,0.6857142857142857,2.0,0.0,27.0,14.0,1,0,70.0,0
2016-08-25,51.0,2016-W34,0.7285714285714285,0.0,1.0,8.333333333333334,5.0,0,1,70.0,0
2016-08-26,50.0,2016-W34,0.7142857142857143,1.0,2.0,11.0,22.5,1,1,70.0,0
2016-08-27,51.0,2016-W34,0.7285714285714285,0.0,1.0,8.333333333333334,9.0,0,1,70.0,0
2016-08-28,53.0,2016-W34,0.7571428571428571,0.0,2.0,8.333333333333334,20.5,0,1,70.0,0
2016-08-29,52.0,2016-W35,0.7428571428571429,4.0,1.0,11.0,7.0,1,1,70.0,0
2016-08-30,53.0,2016-W35,0.7571428571428571,8.0,3.0,10.125,112.0,1,1,70.0,0
2016-08-31,54.0,2016-W35,0.7714285714285715,7.0,3.0,7.571428571428571,8.0,1,1,70.0,0
2016-09-01,59.0,2016-W35,0.8428571428571429,3.0,2.0,8.333333333333334,58.5,1,1,70.0,0
2016-09-02,60.0,2016-W35,0.8571428571428571,1.0,0.0,14.0,14.0,1,0,70.0,0
2016-09-03,62.0,2016-W35,0.8857142857142857,2.0,3.0,0.0,11.333333333333334,1,1,70.0,0
2016-09-04,64.0,2016-W35,0.9142857142857143,0.0,0.0,8.333333333333334,14.0,0,0,70.0,0
2016-09-05,61.0,2016-W36,0.8714285714285714,4.0,0.0,24.0,14.0,1,0,70.0,0
2016-09-06,58.0,2016-W36,0.8285714285714286,8.0,4.0,2.75,8.5,1,1,70.0,0
2016-09-07,63.0,2016-W36,0.9,0.0,7.0,8.333333333333334,21.571428571428573,0,1,70.0,0
2016-09-08,64.0,2016-W36,0.9142857142857143,3.0,5.0,1.0,9.6,1,1,70.0,0
2016-09-09,66.0,2016-W36,0.9428571428571428,2.0,0.0,26.0,14.0,1,0,70.0,0
2016-09-10,67.0,2016-W36,0.9571428571428572,0.0,0.0,8.333333333333334,14.0,0,0,70.0,0
2016-09-11,68.0,2016-W36,0.9714285714285714,0.0,3.0,8.333333333333334,11.0,0,1,70.0,0
2016-09-12,68.0,2016-W37,0.9714285714285714,0.0,0.0,8.333333333333334,14.0,0,0,70.0,0
2016-09-13,67.0,2016-W37,0.9571428571428572,0.0,3.0,8.333333333333334,8.333333333333334,0,1,70.0,0
2016-09-14,65.0,2016-W37,0.9285714285714286,2.0,6.0,2.0,9.666666666666666,1,1,70.0,0
2016-09-15,68.0,2016-W37,0.9714285714285714,4.0,0.0,2.25,14.0,1,0,70.0,0
2016-09-16,70.0,2016-W37,1.0,0.0,0.0,8.333333333333334,14.0,0,0,70.0,0
2016-09-17,69.0,2016-W37,0.9857142857142858,3.0,0.0,0.6666666666666666,14.0,1,0,70.0,0
2016-09-18,68.0,2016-W37,0.9714285714285714,2.0,0.0,1.0,14.0,1,0,70.0,0
2016-09-19,68.0,2016-W38,0.9714285714285714,1.0,4.0,10.0,8.25,1,1,70.0,0
2016-09-20,69.0,2016-W38,0.9857142857142858,2.0,0.0,1.0,14.0,1,0,70.0,0
2016-09-21,70.0,2016-W38,1.0,1.0,0.0,5.0,14.0,1,0,70.0,0
2016-09-22,70.0,2016-W38,1.0,5.0,1.0,17.2,7.0,1,1,70.0,0
2016-09-23,70.0,2016-W38,1.0,0.0,1.0,8.333333333333334,2.0,0,1,70.0,0
2016-09-24,70.0,2016-W38,1.0,0.0,1.0,8.333333333333334,7.0,0,1,70.0,0
2016-09-25,70.0,2016-W38,1.0,0.0,0.0,8.333333333333334,14.0,0,0,70.0,0
2016-09-26,67.0,2016-W39,0.9571428571428572,0.0,4.0,8.333333333333334,6.0,0,1,70.0,0
2016-09-27,67.0,2016-W39,0.9571428571428572,2.0,3.0,0.0,6.0,1,1,70.0,0
2016-09-28,68.0,2016-W39,0.9714285714285714,0.0,0.0,8.333333333333334,14.0,0,0,70.0,0
2016-09-29,68.0,2016-W39,0.9714285714285714,0.0,0.0,8.333333333333334,14.0,0,0,70.0,0
2016-09-30,66.0,2016-W39,0.9428571428571428,1.0,0.0,1.0,14.0,1,0,70.0,0
2016-10-01,65.0,2016-W39,0.9285714285714286,2.0,1.0,5.5,15.0,1,1,70.0,0
2016-10-02,65.0,2016-W39,0.9285714285714286,0.0,1.0,8.333333333333334,6.0,0,1,70.0,0
2016-10-03,65.0,2016-W40,0.9285714285714286,5.0,0.0,16.4,14.0,1,0,70.0,0
2016-10-04,65.0,2016-W40,0.9285714285714286,3.0,2.0,7.666666666666667,9.0,1,1,70.0,0
2016-10-05,67.0,2016-W40,0.9571428571428572,0.0,0.0,8.333333333333334,14.0,0,0,70.0,0
2016-10-06,67.0,2016-W40,0.9571428571428572,0.0,0.0,8.333333333333334,14.0,0,0,70.0,0
2016-10-07,67.0,2016-W40,0.9571428571428572,0.0,0.0,8.333333333333334,14.0,0,0,70.0,0
2016-10-08,66.0,2016-W40,0.9428571428571428,0.0,2.0,8.333333333333334,18.0,0,1,70.0,0
2016-10-09,67.0,2016-W40,0.9571428571428572,0.0,0.0,8.333333333333334,14.0,0,0,70.0,0
2016-10-10,67.0,2016-W41,0.9571428571428572,0.0,0.0,8.333333333333334,14.0,0,0,70.0,0
2016-10-11,67.0,2016-W41,0.9571428571428572,0.0,0.0,8.333333333333334,14.0,0,0,70.0,0
2016-10-12,68.0,2016-W41,0.9714285714285714,0.0,0.0,8.333333333333334,14.0,0,0,70.0,0
2016-10-13,68.0,2016-W41,0.9714285714285714,0.0,4.0,8.333333333333334,7.0,0,1,70.0,0
2016-10-14,69.0,2016-W41,0.9857142857142858,2.0,0.0,1.0,14.0,1,0,70.0,0
2016-10-15,69.0,2016-W41,0.9857142857142858,0.0,1.0,8.333333333333334,8.0,0,1,70.0,0
2016-10-16,69.0,2016-W41,0.9857142857142858,0.0,0.0,8.333333333333334,14.0,0,0,70.0,0
2016-10-17,69.0,2016-W42,0.9857142857142858,0.0,0.0,8.333333333333334,14.0,0,0,70.0,0
2016-10-18,68.0,2016-W42,0.9714285714285714,7.0,4.0,4.571428571428571,16.75,1,1,70.0,0
2016-10-19,68.0,2016-W42,0.9714285714285714,0.0,7.0,8.333333333333334,8.571428571428571,0,1,70.0,0
2016-10-20,66.0,2016-W42,0.9428571428571428,0.0,2.0,8.333333333333334,3.5,0,1,70.0,0
2016-10-21,66.0,2016-W42,0.9428571428571428,3.0,0.0,1.6666666666666667,14.0,1,0,70.0,0
2016-10-22,68.0,2016-W42,0.9714285714285714,0.0,2.0,8.333333333333334,7.0,0,1,70.0,0
2016-10-23,68.0,2016-W42,0.9714285714285714,0.0,0.0,8.333333333333334,14.0,0,0,70.0,0
2016-10-24,68.0,2016-W43,0.9714285714285714,1.0,0.0,74.0,14.0,1,0,70.0,0
2016-10-25,68.0,2016-W43,0.9714285714285714,6.0,0.0,4.166666666666667,14.0,1,0,70.0,0
2016-10-26,69.0,2016-W43,0.9857142857142858,4.0,4.0,1.0,7.0,1,1,70.0,0
2016-10-27,70.0,2016-W43,1.0,1.0,0.0,2.0,14.0,1,0,70.0,0
2016-10-28,70.0,2016-W43,1.0,0.0,0.0,8.333333333333334,14.0,0,0,70.0,0
2016-10-29,69.0,2016-W43,0.9857142857142858,2.0,1.0,4.0,49.0,1,1,70.0,0
2016-10-30,70.0,2016-W43,1.0,0.0,0.0,8.333333333333334,14.0,0,0,70.0,0
2016-10-31,70.0,2016-W44,1.0,0.0,2.0,8.333333333333334,33.0,0,1,70.0,0
2016-11-01,70.0,2016-W44,1.0,0.0,1.0,8.333333333333334,11.0,0,1,70.0,0
2016-11-02,70.0,2016-W44,1.0,0.0,0.0,8.333333333333334,14.0,0,0,70.0,0
2016-11-03,70.0,2016-W44,1.0,1.0,0.0,20.0,14.0,1,0,70.0,0
2016-11-04,70.0,2016-W44,1.0,0.0,1.0,8.333333333333334,11.0,0,1,70.0,0
2016-11-05,70.0,2016-W44,1.0,0.0,1.0,8.333333333333334,7.0,0,1,70.0,0
2016-11-06,69.0,2016-W44,0.9857142857142858,0.0,2.0,8.333333333333334,12.0,0,1,70.0,0
2016-11-07,69.0,2016-W45,0.9857142857142858,0.0,1.0,8.333333333333334,7.0,0,1,70.0,0
2016-11-08,69.0,2016-W45,0.9857142857142858,2.0,3.0,25.0,31.666666666666668,1,1,70.0,0
2016-11-09,69.0,2016-W45,0.9857142857142858,2.0,2.0,20.0,15.0,1,1,70.0,0
2016-11-10,69.0,2016-W45,0.9857142857142858,0.0,0.0,8.333333333333334,14.0,0,0,70.0,0
2016-11-11,68.0,2016-W45,0.9714285714285714,2.0,0.0,14.0,14.0,1,0,70.0,0
2016-11-12,66.0,2016-W45,0.9428571428571428,2.0,0.0,91.0,14.0,1,0,70.0,0
2016-11-13,67.0,2016-W45,0.9571428571428572,0.0,4.0,8.333333333333334,13.0,0,1,70.0,0
2016-11-14,67.0,2016-W46,0.9571428571428572,5.0,5.0,6.6,12.0,1,1,70.0,0
2016-11-15,66.0,2016-W46,0.9428571428571428,0.0,0.0,8.333333333333334,14.0,0,0,70.0,0
2016-11-16,67.0,2016-W46,0.9571428571428572,1.0,0.0,2.0,14.0,1,0,70.0,0
2016-11-17,67.0,2016-W46,0.9571428571428572,0.0,2.0,8.333333333333334,32.0,0,1,70.0,0
2016-11-18,67.0,2016-W46,0.9571428571428572,0.0,1.0,8.333333333333334,7.0,0,1,70.0,0
2016-11-19,68.0,2016-W46,0.9714285714285714,1.0,4.0,0.0,12.5,1,1,70.0,0
2016-11-20,68.0,2016-W46,0.9714285714285714,0.0,1.0,8.333333333333334,8.0,0,1,70.0,0
2016-11-21,65.0,2016-W47,0.9285714285714286,2.0,4.0,9.0,14.5,1,1,70.0,0
2016-11-22,65.0,2016-W47,0.9285714285714286,2.0,0.0,1.0,14.0,1,0,70.0,0
2016-11-23,67.0,2016-W47,0.9571428571428572,10.0,3.0,5.8,7.333333333333333,1,1,70.0,0
2016-11-24,67.0,2016-W47,0.9571428571428572,0.0,5.0,8.333333333333334,10.0,0,1,70.0,0
2016-11-25,67.0,2016-W47,0.9571428571428572,0.0,2.0,8.333333333333334,71.0,0,1,70.0,0
2016-11-26,65.0,2016-W47,0.9285714285714286,1.0,1.0,2.0,7.0,1,1,70.0,0
2016-11-27,64.0,2016-W47,0.9142857142857143,0.0,0.0,8.333333333333334,14.0,0,0,70.0,0
2016-11-28,65.0,2016-W48,0.9285714285714286,0.0,1.0,8.333333333333334,10.0,0,1,70.0,0
2016-11-29,65.0,2016-W48,0.9285714285714286,3.0,1.0,36.0,6.0,1,1,70.0,0
2016-11-30,66.0,2016-W48,0.9428571428571428,1.0,0.0,37.0,14.0,1,0,70.0,0
2016-12-01,63.0,2016-W48,0.9,2.0,0.0,2.0,14.0,1,0,70.0,0
2016-12-02,62.0,2016-W48,0.8857142857142857,0.0,2.0,8.333333333333334,12.5,0,1,70.0,0
2016-12-03,61.0,2016-W48,0.8714285714285714,2.0,1.0,14.0,11.0,1,1,70.0,0
2016-12-04,61.0,2016-W48,0.8714285714285714,0.0,1.0,8.333333333333334,7.0,0,1,70.0,0
2016-12-05,59.0,2016-W49,0.8428571428571429,0.0,5.0,8.333333333333334,15.4,0,1,70.0,0
2016-12-06,61.0,2016-W49,0.8714285714285714,7.0,5.0,10.571428571428571,16.4,1,1,70.0,0
2016-12-07,61.0,2016-W49,0.8714285714285714,0.0,2.0,8.333333333333334,11.0,0,1,70.0,0
2016-12-08,60.0,2016-W49,0.8571428571428571,1.0,2.0,26.0,7.5,1,1,70.0,0
2016-12-09,59.0,2016-W49,0.8428571428571429,2.0,8.0,14.0,8.5,1,1,70.0,0
2016-12-10,59.0,2016-W49,0.8428571428571429,0.0,0.0,8.333333333333334,14.0,0,0,70.0,0
2016-12-11,59.0,2016-W49,0.8428571428571429,0.0,2.0,8.333333333333334,3.0,0,1,70.0,0
2016-12-12,59.0,2016-W50,0.8428571428571429,0.0,1.0,8.333333333333334,8.0,0,1,70.0,0
2016-12-13,57.0,2016-W50,0.8142857142857143,2.0,1.0,39.5,8.0,1,1,70.0,0
2016-12-14,54.0,2016-W50,0.7714285714285715,5.0,4.0,24.8,22.5,1,1,70.0,0
2016-12-15,53.0,2016-W50,0.7571428571428571,2.0,0.0,12.0,14.0,1,0,70.0,0
2016-12-16,47.0,2016-W50,0.6714285714285714,2.0,1.0,30.0,11.0,1,1,70.0,0
2016-12-17,42.0,2016-W50,0.6,0.0,0.0,8.333333333333334,14.0,0,0,70.0,0
2016-12-18,40.0,2016-W50,0.5714285714285714,0.0,0.0,8.333333333333334,14.0,0,0,70.0,0
2016-12-19,38.0,2016-W51,0.5428571428571428,4.0,2.0,26.75,10.0,1,1,70.0,0
2016-12-20,34.0,2016-W51,0.4857142857142857,0.0,0.0,8.333333333333334,14.0,0,0,70.0,0
2016-12-21,32.0,2016-W51,0.45714285714285713,2.0,0.0,7.0,14.0,1,0,70.0,0
2016-12-22,29.0,2016-W51,0.4142857142857143,1.0,0.0,12.0,14.0,1,0,70.0,0
2016-12-23,26.0,2016-W51,0.37142857142857144,2.0,0.0,23.0,14.0,1,0,70.0,0
2016-12-24,26.0,2016-W51,0.37142857142857144,0.0,0.0,8.333333333333334,14.0,0,0,70.0,0
2016-12-25,26.0,2016-W51,0.37142857142857144,2.0,0.0,20.0,14.0,1,0,70.0,0
2016-12-26,25.0,2016-W52,0.35714285714285715,0.0,0.0,8.333333333333334,14.0,0,0,70.0,0
2016-12-27,24.0,2016-W52,0.34285714285714286,0.0,0.0,8.333333333333334,14.0,0,0,70.0,0
2016-12-28,25.0,2016-W52,0.35714285714285715,0.0,0.0,8.333333333333334,14.0,0,0,70.0,0
2016-12-29,24.0,2016-W52,0.34285714285714286,0.0,0.0,8.333333333333334,14.0,0,0,70.0,0
2016-12-30,24.0,2016-W52,0.34285714285714286,0.0,0.0,8.333333333333334,14.0,0,0,70.0,0
2016-12-31,24.0,2016-W52,0.34285714285714286,0.0,0.0,8.333333333333334,14.0,0,0,70.0,1
2017-01-01,23.0,2016-W52,0.32857142857142857,0.0,0.0,8.333333333333334,14.0,0,0,70.0,0
2017-01-02,23.0,2017-W01,0.32857142857142857,1.0,2.0,2.0,7.0,1,1,70.0,0
2017-01-03,25.0,2017-W01,0.35714285714285715,5.0,1.0,12.0,7.0,1,1,70.0,0
2017-01-04,28.0,2017-W01,0.4,0.0,2.0,8.333333333333334,14.0,0,1,70.0,0
2017-01-05,29.0,2017-W01,0.4142857142857143,2.0,1.0,2.0,18.0,1,1,70.0,0
2017-01-06,31.0,2017-W01,0.44285714285714284,5.0,0.0,11.0,14.0,1,0,70.0,0
2017-01-07,35.0,2017-W01,0.5,2.0,2.0,1.0,7.0,1,1,70.0,0
2017-01-08,35.0,2017-W01,0.5,0.0,2.0,8.333333333333334,10.5,0,1,70.0,0
2017-01-09,36.0,2017-W02,0.5142857142857142,5.0,0.0,5.6,14.0,1,0,70.0,0
2017-01-10,36.0,2017-W02,0.5142857142857142,7.0,8.0,3.7142857142857144,9.0,1,1,70.0,0
2017-01-11,38.0,2017-W02,0.5428571428571428,0.0,3.0,8.333333333333334,8.0,0,1,70.0,0
2017-01-12,41.0,2017-W02,0.5857142857142857,0.0,1.0,8.333333333333334,108.0,0,1,70.0,0
2017-01-13,45.0,2017-W02,0.6428571428571429,1.0,7.0,5.0,7.142857142857143,1,1,70.0,0
2017-01-14,46.0,2017-W02,0.6571428571428571,0.0,0.0,8.333333333333334,14.0,0,0,70.0,0
2017-01-15,49.0,2017-W02,0.7,0.0,3.0,8.333333333333334,32.0,0,1,70.0,0
2017-01-16,52.0,2017-W03,0.7428571428571429,4.0,3.0,31.5,14.0,1,1,70.0,0
2017-01-17,53.0,2017-W03,0.7571428571428571,2.0,0.0,2.0,14.0,1,0,70.0,0
2017-01-18,51.0,2017-W03,0.7285714285714285,2.0,1.0,7.5,102.0,1,1,70.0,0
2017-01-19,50.0,2017-W03,0.7142857142857143,5.0,2.0,15.0,18.0,1,1,70.0,0
2017-01-20,50.0,2017-W03,0.7142857142857143,7.0,3.0,30.428571428571427,12.666666666666666,1,1,70.0,0
2017-01-21,47.0,2017-W03,0.6714285714285714,0.0,3.0,8.333333333333334,19.0,0,1,70.0,0
2017-01-22,47.0,2017-W03,0.6714285714285714,0.0,0.0,8.333333333333334,14.0,0,0,70.0,0
2017-01-23,47.0,2017-W04,0.6714285714285714,0.0,6.0,8.333333333333334,7.0,0,1,70.0,0
2017-01-24,46.0,2017-W04,0.6571428571428571,5.0,0.0,28.4,14.0,1,0,70.0,0
2017-01-25,47.0,2017-W04,0.6714285714285714,2.0,0.0,7.0,14.0,1,0,70.0,0
2017-01-26,47.0,2017-W04,0.6714285714285714,0.0,4.0,8.333333333333334,7.0,0,1,70.0,0
2017-01-27,46.0,2017-W04,0.6571428571428571,2.0,2.0,18.0,12.0,1,1,70.0,0
2017-01-28,47.0,2017-W04,0.6714285714285714,2.0,1.0,21.5,14.0,1,1,70.0,0
2017-01-29,47.0,2017-W04,0.6714285714285714,0.0,0.0,8.333333333333334,14.0,0,0,70.0,0
2017-01-30,43.0,2017-W05,0.6142857142857143,3.0,0.0,6.0,14.0,1,0,70.0,0
2017-01-31,43.0,2017-W05,0.6142857142857143,7.0,2.0,12.571428571428571,9.0,1,1,70.0,0
2017-02-01,42.0,2017-W05,0.6,6.0,6.0,15.5,32.666666666666664,1,1,70.0,0
2017-02-02,43.0,2017-W05,0.6142857142857143,4.0,0.0,1.75,14.0,1,0,70.0,0
2017-02-03,44.0,2017-W05,0.6285714285714286,6.0,0.0,28.166666666666668,14.0,1,0,70.0,0
2017-02-04,45.0,2017-W05,0.6428571428571429,1.0,2.0,15.0,7.0,1,1,70.0,0
2017-02-05,48.0,2017-W05,0.6857142857142857,0.0,3.0,8.333333333333334,7.0,0,1,70.0,0
2017-02-06,48.0,2017-W06,0.638782055547423,0.0,4.0,8.333333333333334,5.25,0,1,75.143,0
2017-02-07,50.0,2017-W06,0.6653979745285655,1.0,2.0,4.0,7.5,1,1,75.143,0
2017-02-08,52.0,2017-W06,0.6920138935097081,11.0,5.0,11.272727272727273,13.0,1,1,75.143,0
2017-02-09,52.0,2017-W06,0.6920138935097081,2.0,1.0,3.5,14.0,1,1,75.143,0
2017-02-10,52.0,2017-W06,0.6920138935097081,2.0,0.0,14.0,14.0,1,0,75.143,0
2017-02-11,52.0,2017-W06,0.6920138935097081,0.0,4.0,8.333333333333334,7.0,0,1,75.143,0
2017-02-12,55.0,2017-W06,0.7319377719814221,0.0,3.0,8.333333333333334,23.0,0,1,75.143,0
2017-02-13,56.0,2017-W07,0.7368421052631579,0.0,0.0,8.333333333333334,14.0,0,0,76.0,0
2017-02-14,57.0,2017-W07,0.75,6.0,2.0,23.0,7.0,1,1,76.0,0
2017-02-15,53.0,2017-W07,0.6973684210526315,3.0,1.0,163.0,7.0,1,1,76.0,0
2017-02-16,53.0,2017-W07,0.6973684210526315,5.0,0.0,59.0,14.0,1,0,76.0,0
2017-02-17,54.0,2017-W07,0.7105263157894737,3.0,0.0,2.6666666666666665,14.0,1,0,76.0,0
2017-02-18,54.0,2017-W07,0.7105263157894737,0.0,2.0,8.333333333333334,15.0,0,1,76.0,0
2017-02-19,57.0,2017-W07,0.75,7.0,1.0,5.571428571428571,84.0,1,1,76.0,0
2017-02-20,57.0,2017-W08,0.75,1.0,1.0,19.0,9.0,1,1,76.0,0
2017-02-21,58.0,2017-W08,0.7631578947368421,8.0,3.0,14.0,16.333333333333332,1,1,76.0,0
2017-02-22,57.0,2017-W08,0.75,0.0,1.0,8.333333333333334,30.0,0,1,76.0,0
2017-02-23,59.0,2017-W08,0.7763157894736842,5.0,4.0,11.2,14.0,1,1,76.0,0
2017-02-24,62.0,2017-W08,0.8157894736842105,1.0,0.0,5.0,14.0,1,0,76.0,0
2017-02-25,66.0,2017-W08,0.868421052631579,0.0,1.0,8.333333333333334,31.0,0,1,76.0,0
2017-02-26,66.0,2017-W08,0.868421052631579,0.0,1.0,8.333333333333334,31.0,0,1,76.0,0
2017-02-27,65.0,2017-W09,0.8552631578947368,1.0,0.0,0.0,14.0,1,0,76.0,0
2017-02-28,66.0,2017-W09,0.868421052631579,0.0,0.0,8.333333333333334,14.0,0,0,76.0,0
2017-03-01,66.0,2017-W09,0.868421052631579,0.0,0.0,8.333333333333334,14.0,0,0,76.0,0
2017-03-02,66.0,2017-W09,0.868421052631579,1.0,0.0,1.0,14.0,1,0,76.0,0
2017-03-03,66.0,2017-W09,0.868421052631579,0.0,1.0,8.333333333333334,7.0,0,1,76.0,0
2017-03-04,69.0,2017-W09,0.9078947368421053,0.0,4.0,8.333333333333334,60.75,0,1,76.0,0
2017-03-05,71.0,2017-W09,0.9342105263157895,0.0,3.0,8.333333333333334,19.333333333333332,0,1,76.0,0
2017-03-06,71.0,2017-W10,0.9342105263157895,0.0,4.0,8.333333333333334,12.5,0,1,76.0,0
2017-03-07,71.0,2017-W10,0.9342105263157895,0.0,4.0,8.333333333333334,7.0,0,1,76.0,0
2017-03-08,72.0,2017-W10,0.9473684210526315,6.0,6.0,9.833333333333334,56.833333333333336,1,1,76.0,0
2017-03-09,69.0,2017-W10,0.9078947368421053,5.0,0.0,0.0,14.0,1,0,76.0,0
2017-03-10,70.0,2017-W10,0.9210526315789473,0.0,4.0,8.333333333333334,12.0,0,1,76.0,0
2017-03-11,71.0,2017-W10,0.9342105263157895,3.0,1.0,50.0,56.0,1,1,76.0,0
2017-03-12,72.0,2017-W10,0.9473684210526315,0.0,2.0,8.333333333333334,27.0,0,1,76.0,0
2017-03-13,72.0,2017-W11,0.9473684210526315,0.0,9.0,8.333333333333334,19.88888888888889,0,1,76.0,0
2017-03-14,73.0,2017-W11,0.9605263157894737,2.0,2.0,4.0,14.0,1,1,76.0,0
2017-03-15,73.0,2017-W11,0.9605263157894737,8.0,1.0,8.0,15.0,1,1,76.0,0
2017-03-16,72.0,2017-W11,0.9473684210526315,4.0,0.0,6.0,14.0,1,0,76.0,0
2017-03-17,71.0,2017-W11,0.9342105263157895,3.0,2.0,7.0,15.0,1,1,76.0,0
2017-03-18,72.0,2017-W11,0.9473684210526315,0.0,2.0,8.333333333333334,14.0,0,1,76.0,0
2017-03-19,72.0,2017-W11,0.9473684210526315,0.0,0.0,8.333333333333334,14.0,0,0,76.0,0
2017-03-20,72.0,2017-W12,0.9473684210526315,0.0,0.0,8.333333333333334,14.0,0,0,76.0,0
2017-03-21,72.0,2017-W12,0.9473684210526315,2.0,2.0,38.0,25.5,1,1,76.0,0
2017-03-22,72.0,2017-W12,0.9473684210526315,0.0,5.0,8.333333333333334,9.0,0,1,76.0,0
2017-03-23,72.0,2017-W12,0.9473684210526315,2.0,1.0,26.0,23.0,1,1,76.0,0
2017-03-24,73.0,2017-W12,0.9605263157894737,4.0,0.0,31.0,14.0,1,0,76.0,0
2017-03-25,72.0,2017-W12,0.9473684210526315,0.0,0.0,8.333333333333334,14.0,0,0,76.0,0
2017-03-26,72.0,2017-W12,0.9473684210526315,0.0,2.0,8.333333333333334,9.0,0,1,76.0,0
2017-03-27,69.0,2017-W13,0.9526570848693203,10.0,0.0,5.8,14.0,1,0,72.429,0
2017-03-28,66.0,2017-W13,0.9112372116141324,1.0,3.0,21.0,6.0,1,1,72.429,0
2017-03-29,64.0,2017-W13,0.8836239627773406,2.0,0.0,3.0,14.0,1,0,72.429,0
2017-03-30,63.0,2017-W13,0.8698173383589446,4.0,0.0,5.5,14.0,1,0,72.429,0
2017-03-31,63.0,2017-W13,0.8698173383589446,0.0,2.0,8.333333333333334,18.5,0,1,72.429,0
2017-04-01,63.0,2017-W13,0.8698173383589446,1.0,0.0,0.0,14.0,1,0,72.429,0
2017-04-02,62.0,2017-W13,0.8560107139405486,0.0,1.0,8.333333333333334,10.0,0,1,72.429,0
2017-04-03,61.0,2017-W14,0.8591549295774648,1.0,0.0,6.0,14.0,1,0,71.0,0
2017-04-04,60.0,2017-W14,0.8450704225352113,1.0,0.0,8.0,14.0,1,0,71.0,0
2017-04-05,61.0,2017-W14,0.8591549295774648,1.0,1.0,0.0,2.0,1,1,71.0,0
2017-04-06,63.0,2017-W14,0.8873239436619719,6.0,1.0,31.666666666666668,21.0,1,1,71.0,0
2017-04-07,63.0,2017-W14,0.8873239436619719,1.0,1.0,4.0,22.0,1,1,71.0,0
2017-04-08,62.0,2017-W14,0.8732394366197183,0.0,0.0,8.333333333333334,14.0,0,0,71.0,0
2017-04-09,64.0,2017-W14,0.9014084507042254,0.0,4.0,8.333333333333334,12.0,0,1,71.0,0
2017-04-10,64.0,2017-W15,0.9014084507042254,0.0,1.0,8.333333333333334,9.0,0,1,71.0,0
2017-04-11,65.0,2017-W15,0.9154929577464789,2.0,1.0,12.0,21.0,1,1,71.0,0
2017-04-12,65.0,2017-W15,0.9154929577464789,0.0,0.0,8.333333333333334,14.0,0,0,71.0,0
2017-04-13,65.0,2017-W15,0.9154929577464789,0.0,5.0,8.333333333333334,26.6,0,1,71.0,0
2017-04-14,65.0,2017-W15,0.9154929577464789,1.0,1.0,51.0,37.0,1,1,71.0,0
2017-04-15,63.0,2017-W15,0.8873239436619719,1.0,0.0,18.0,14.0,1,0,71.0,0
2017-04-16,60.0,2017-W15,0.8450704225352113,0.0,0.0,8.333333333333334,14.0,0,0,71.0,0
2017-04-17,62.0,2017-W16,0.8732394366197183,0.0,2.0,8.333333333333334,9.5,0,1,71.0,0
2017-04-18,65.0,2017-W16,0.9154929577464789,5.0,0.0,4.0,14.0,1,0,71.0,0
2017-04-19,64.0,2017-W16,0.9014084507042254,2.0,0.0,10.0,14.0,1,0,71.0,0
2017-04-20,63.0,2017-W16,0.8873239436619719,0.0,1.0,8.333333333333334,4.0,0,1,71.0,0
2017-04-21,61.0,2017-W16,0.8591549295774648,6.0,1.0,4.333333333333333,12.0,1,1,71.0,0
2017-04-22,63.0,2017-W16,0.8873239436619719,0.0,3.0,8.333333333333334,51.333333333333336,0,1,71.0,0
2017-04-23,64.0,2017-W16,0.9014084507042254,0.0,0.0,8.333333333333334,14.0,0,0,71.0,0
2017-04-24,65.0,2017-W17,0.9154929577464789,3.0,3.0,2.0,11.333333333333334,1,1,71.0,0
2017-04-25,65.0,2017-W17,0.9154929577464789,3.0,0.0,18.333333333333332,14.0,1,0,71.0,0
2017-04-26,64.0,2017-W17,0.9014084507042254,0.0,0.0,8.333333333333334,14.0,0,0,71.0,0
2017-04-27,62.0,2017-W17,0.8732394366197183,7.0,0.0,17.0,14.0,1,0,71.0,0
2017-04-28,63.0,2017-W17,0.8873239436619719,0.0,9.0,8.333333333333334,14.555555555555555,0,1,71.0,0
2017-04-29,63.0,2017-W17,0.8873239436619719,1.0,0.0,3.0,14.0,1,0,71.0,0
2017-04-30,64.0,2017-W17,0.9014084507042254,0.0,0.0,8.333333333333334,14.0,0,0,71.0,0
2017-05-01,63.0,2017-W18,0.8873239436619719,0.0,0.0,8.333333333333334,14.0,0,0,71.0,0
2017-05-02,63.0,2017-W18,0.8873239436619719,0.0,0.0,8.333333333333334,14.0,0,0,71.0,0
2017-05-03,63.0,2017-W18,0.8873239436619719,0.0,0.0,8.333333333333334,14.0,0,0,71.0,0
2017-05-04,61.0,2017-W18,0.8591549295774648,1.0,0.0,14.0,14.0,1,0,71.0,0
2017-05-05,59.0,2017-W18,0.8309859154929577,4.0,0.0,5.25,14.0,1,0,71.0,0
2017-05-06,55.0,2017-W18,0.7746478873239436,0.0,2.0,8.333333333333334,9.0,0,1,71.0,0
2017-05-07,53.0,2017-W18,0.7464788732394366,0.0,2.0,8.333333333333334,10.5,0,1,71.0,0
2017-05-08,57.0,2017-W19,0.8028169014084507,2.0,2.0,16.0,14.0,1,1,71.0,0
2017-05-09,60.0,2017-W19,0.8450704225352113,1.0,8.0,4.0,19.125,1,1,71.0,0
2017-05-10,59.0,2017-W19,0.8309859154929577,4.0,0.0,1.0,14.0,1,0,71.0,0
2017-05-11,61.0,2017-W19,0.8591549295774648,5.0,3.0,8.2,12.0,1,1,71.0,0
2017-05-12,61.0,2017-W19,0.8591549295774648,0.0,4.0,8.333333333333334,9.5,0,1,71.0,0
2017-05-13,61.0,2017-W19,0.8591549295774648,0.0,0.0,8.333333333333334,14.0,0,0,71.0,0
2017-05-14,60.0,2017-W19,0.8450704225352113,0.0,0.0,8.333333333333334,14.0,0,0,71.0,0
2017-05-15,55.0,2017-W20,0.7809283107810703,2.0,0.0,12.0,14.0,1,0,70.429,0
2017-05-16,56.0,2017-W20,0.795127007340726,2.0,2.0,8.0,7.5,1,1,70.429,0
2017-05-17,57.0,2017-W20,0.8093257039003819,0.0,3.0,8.333333333333334,33.0,0,1,70.429,0
2017-05-18,57.0,2017-W20,0.8093257039003819,3.0,4.0,3.0,10.25,1,1,70.429,0
2017-05-19,54.0,2017-W20,0.7667296142214145,10.0,0.0,58.5,14.0,1,0,70.429,0
2017-05-20,56.0,2017-W20,0.795127007340726,0.0,2.0,8.333333333333334,50.0,0,1,70.429,0
2017-05-21,56.0,2017-W20,0.795127007340726,0.0,5.0,8.333333333333334,27.2,0,1,70.429,0
2017-05-22,55.0,2017-W21,0.8208955223880597,4.0,1.0,3.5,7.0,1,1,67.0,0
2017-05-23,54.0,2017-W21,0.8059701492537313,0.0,1.0,8.333333333333334,14.0,0,1,67.0,0
2017-05-24,56.0,2017-W21,0.835820895522388,9.0,4.0,25.22222222222222,11.0,1,1,67.0,0
2017-05-25,55.0,2017-W21,0.8208955223880597,5.0,0.0,7.0,14.0,1,0,67.0,0
2017-05-26,57.0,2017-W21,0.8507462686567164,10.0,0.0,4.6,14.0,1,0,67.0,0
2017-05-27,58.0,2017-W21,0.8656716417910447,0.0,0.0,8.333333333333334,14.0,0,0,67.0,0
2017-05-28,60.0,2017-W21,0.8955223880597015,0.0,5.0,8.333333333333334,17.8,0,1,67.0,0
2017-05-29,59.0,2017-W22,0.8805970149253731,0.0,7.0,8.333333333333334,10.428571428571429,0,1,67.0,0
2017-05-30,59.0,2017-W22,0.8805970149253731,3.0,0.0,7.666666666666667,14.0,1,0,67.0,0
2017-05-31,58.0,2017-W22,0.8656716417910447,0.0,1.0,8.333333333333334,7.0,0,1,67.0,0
2017-06-01,59.0,2017-W22,0.8805970149253731,0.0,0.0,8.333333333333334,14.0,0,0,67.0,0
2017-06-02,59.0,2017-W22,0.8805970149253731,7.0,2.0,81.57142857142857,91.0,1,1,67.0,0
2017-06-03,60.0,2017-W22,0.8955223880597015,0.0,0.0,8.333333333333334,14.0,0,0,67.0,0
2017-06-04,60.0,2017-W22,0.8955223880597015,0.0,3.0,8.333333333333334,23.666666666666668,0,1,67.0,0
2017-06-05,58.0,2017-W23,0.8656716417910447,3.0,3.0,1.0,2.6666666666666665,1,1,67.0,0
2017-06-06,56.0,2017-W23,0.835820895522388,2.0,0.0,7.5,14.0,1,0,67.0,0
2017-06-07,57.0,2017-W23,0.8507462686567164,7.0,6.0,7.285714285714286,24.0,1,1,67.0,0
2017-06-08,55.0,2017-W23,0.8208955223880597,1.0,3.0,17.0,29.0,1,1,67.0,0
2017-06-09,52.0,2017-W23,0.7761194029850746,0.0,0.0,8.333333333333334,14.0,0,0,67.0,0
2017-06-10,58.0,2017-W23,0.8656716417910447,1.0,6.0,21.0,16.5,1,1,67.0,0
2017-06-11,58.0,2017-W23,0.8656716417910447,0.0,0.0,8.333333333333334,14.0,0,0,67.0,0
2017-06-12,59.0,2017-W24,0.8805970149253731,2.0,3.0,25.0,11.666666666666666,1,1,67.0,0
2017-06-13,59.0,2017-W24,0.8805970149253731,2.0,0.0,23.5,14.0,1,0,67.0,0
2017-06-14,59.0,2017-W24,0.8805970149253731,2.0,4.0,5.0,7.0,1,1,67.0,0
2017-06-15,59.0,2017-W24,0.8805970149253731,0.0,3.0,8.333333333333334,10.0,0,1,67.0,0
2017-06-16,59.0,2017-W24,0.8805970149253731,4.0,1.0,15.5,10.0,1,1,67.0,0
2017-06-17,60.0,2017-W24,0.8955223880597015,0.0,4.0,8.333333333333334,17.5,0,1,67.0,0
2017-06-18,60.0,2017-W24,0.8955223880597015,0.0,0.0,8.333333333333334,14.0,0,0,67.0,0
2017-06-19,61.0,2017-W25,0.9104477611940298,0.0,3.0,8.333333333333334,5.0,0,1,67.0,0
2017-06-20,62.0,2017-W25,0.9253731343283582,2.0,0.0,4.0,14.0,1,0,67.0,0
2017-06-21,58.0,2017-W25,0.8656716417910447,0.0,0.0,8.333333333333334,14.0,0,0,67.0,0
2017-06-22,58.0,2017-W25,0.8656716417910447,0.0,4.0,8.333333333333334,13.25,0,1,67.0,0
2017-06-23,58.0,2017-W25,0.8656716417910447,1.0,0.0,10.0,14.0,1,0,67.0,0
2017-06-24,57.0,2017-W25,0.8507462686567164,6.0,0.0,4.333333333333333,14.0,1,0,67.0,0
2017-06-25,55.0,2017-W25,0.8208955223880597,0.0,1.0,8.333333333333334,28.0,0,1,67.0,0
2017-06-26,55.0,2017-W26,0.8208955223880597,2.0,5.0,67.5,17.4,1,1,67.0,0
2017-06-27,54.0,2017-W26,0.8059701492537313,1.0,2.0,4.0,4.0,1,1,67.0,0
2017-06-28,54.0,2017-W26,0.8059701492537313,1.0,0.0,3.0,14.0,1,0,67.0,0
2017-06-29,54.0,2017-W26,0.8059701492537313,2.0,2.0,12.0,7.0,1,1,67.0,0
2017-06-30,53.0,2017-W26,0.7910447761194029,1.0,4.0,71.0,19.5,1,1,67.0,0
2017-07-01,54.0,2017-W26,0.8059701492537313,12.0,3.0,3.75,35.666666666666664,1,1,67.0,0
2017-07-02,54.0,2017-W26,0.8059701492537313,0.0,2.0,8.333333333333334,22.0,0,1,67.0,0
2017-07-03,56.0,2017-W27,0.835820895522388,0.0,7.0,8.333333333333334,19.285714285714285,0,1,67.0,0
2017-07-04,56.0,2017-W27,0.835820895522388,0.0,0.0,8.333333333333334,14.0,0,0,67.0,0
2017-07-05,55.0,2017-W27,0.8208955223880597,0.0,0.0,8.333333333333334,14.0,0,0,67.0,0
2017-07-06,52.0,2017-W27,0.7761194029850746,0.0,6.0,8.333333333333334,24.166666666666668,0,1,67.0,0
2017-07-07,52.0,2017-W27,0.7761194029850746,6.0,3.0,6.0,11.666666666666666,1,1,67.0,0
2017-07-08,52.0,2017-W27,0.7761194029850746,0.0,0.0,8.333333333333334,14.0,0,0,67.0,0
2017-07-09,53.0,2017-W27,0.7910447761194029,0.0,3.0,8.333333333333334,4.0,0,1,67.0,0
2017-07-10,51.0,2017-W28,0.7611940298507462,0.0,6.0,8.333333333333334,68.33333333333333,0,1,67.0,0
2017-07-11,51.0,2017-W28,0.7611940298507462,1.0,6.0,19.0,12.0,1,1,67.0,0
2017-07-12,50.0,2017-W28,0.746268656716418,0.0,0.0,8.333333333333334,14.0,0,0,67.0,0
2017-07-13,49.0,2017-W28,0.7313432835820896,2.0,7.0,52.0,11.857142857142858,1,1,67.0,0
2017-07-14,47.0,2017-W28,0.7014925373134329,5.0,1.0,13.0,11.0,1,1,67.0,0
2017-07-15,46.0,2017-W28,0.6865671641791045,1.0,0.0,8.0,14.0,1,0,67.0,0
2017-07-16,47.0,2017-W28,0.7014925373134329,3.0,2.0,60.0,7.0,1,1,67.0,0
2017-07-17,47.0,2017-W29,0.7014925373134329,4.0,0.0,39.75,14.0,1,0,67.0,0
2017-07-18,45.0,2017-W29,0.6716417910447762,3.0,0.0,24.666666666666668,14.0,1,0,67.0,0
2017-07-19,45.0,2017-W29,0.6716417910447762,6.0,0.0,13.666666666666666,14.0,1,0,67.0,0
2017-07-20,45.0,2017-W29,0.6716417910447762,1.0,0.0,18.0,14.0,1,0,67.0,0
2017-07-21,43.0,2017-W29,0.6417910447761194,8.0,1.0,29.0,17.0,1,1,67.0,0
2017-07-22,42.0,2017-W29,0.6268656716417911,0.0,0.0,8.333333333333334,14.0,0,0,67.0,0
2017-07-23,40.0,2017-W29,0.5970149253731343,0.0,1.0,8.333333333333334,36.0,0,1,67.0,0
2017-07-24,39.0,2017-W30,0.5896315558713696,3.0,0.0,8.333333333333334,14.0,1,0,66.143,0
2017-07-25,42.0,2017-W30,0.6349878293999365,6.0,4.0,8.166666666666666,28.0,1,1,66.143,0
2017-07-26,42.0,2017-W30,0.6349878293999365,0.0,0.0,8.333333333333334,14.0,0,0,66.143,0
2017-07-27,43.0,2017-W30,0.6501065872427921,6.0,2.0,21.0,38.0,1,1,66.143,0
2017-07-28,44.0,2017-W30,0.6652253450856478,2.0,4.0,9.0,32.25,1,1,66.143,0
2017-07-29,48.0,2017-W30,0.7257003764570703,0.0,6.0,8.333333333333334,24.5,0,1,66.143,0
2017-07-30,53.0,2017-W30,0.8012941656713485,0.0,4.0,8.333333333333334,16.5,0,1,66.143,0
2017-07-31,55.0,2017-W31,0.8333333333333334,4.0,4.0,25.5,18.5,1,1,66.0,0
2017-08-01,55.0,2017-W31,0.8333333333333334,8.0,2.0,23.375,10.0,1,1,66.0,0
2017-08-02,55.0,2017-W31,0.8333333333333334,1.0,0.0,47.0,14.0,1,0,66.0,0
2017-08-03,55.0,2017-W31,0.8333333333333334,0.0,1.0,8.333333333333334,14.0,0,1,66.0,0
2017-08-04,55.0,2017-W31,0.8333333333333334,3.0,0.0,5.0,14.0,1,0,66.0,0
2017-08-05,53.0,2017-W31,0.803030303030303,1.0,0.0,26.0,14.0,1,0,66.0,0
2017-08-06,57.0,2017-W31,0.8636363636363636,0.0,5.0,8.333333333333334,13.2,0,1,66.0,0
2017-08-07,58.0,2017-W32,0.8787878787878788,1.0,2.0,18.0,7.5,1,1,66.0,0
2017-08-08,58.0,2017-W32,0.8787878787878788,19.0,1.0,32.89473684210526,7.0,1,1,66.0,0
2017-08-09,60.0,2017-W32,0.9090909090909091,8.0,4.0,18.125,17.0,1,1,66.0,0
2017-08-10,60.0,2017-W32,0.9090909090909091,1.0,0.0,46.0,14.0,1,0,66.0,0
2017-08-11,59.0,2017-W32,0.8939393939393939,16.0,4.0,19.5625,32.0,1,1,66.0,0
2017-08-12,56.0,2017-W32,0.8484848484848485,1.0,2.0,57.0,28.0,1,1,66.0,0
2017-08-13,56.0,2017-W32,0.8484848484848485,0.0,2.0,8.333333333333334,28.0,0,1,66.0,0
2017-08-14,53.0,2017-W33,0.803030303030303,4.0,0.0,24.0,14.0,1,0,66.0,0
2017-08-15,52.0,2017-W33,0.7878787878787878,5.0,3.0,5.2,7.0,1,1,66.0,0
2017-08-16,52.0,2017-W33,0.7878787878787878,5.0,0.0,22.4,14.0,1,0,66.0,0
2017-08-17,53.0,2017-W33,0.803030303030303,1.0,0.0,3.0,14.0,1,0,66.0,0
2017-08-18,51.0,2017-W33,0.7727272727272727,0.0,0.0,8.333333333333334,14.0,0,0,66.0,0
2017-08-19,52.0,2017-W33,0.7878787878787878,0.0,8.0,8.333333333333334,21.0,0,1,66.0,0
2017-08-20,54.0,2017-W33,0.8181818181818182,0.0,7.0,8.333333333333334,50.57142857142857,0,1,66.0,0
2017-08-21,54.0,2017-W34,0.8076940335342597,0.0,1.0,8.333333333333334,11.0,0,1,66.857,0
2017-08-22,49.0,2017-W34,0.7329075489477541,0.0,0.0,8.333333333333334,14.0,0,0,66.857,0
2017-08-23,49.0,2017-W34,0.7329075489477541,3.0,0.0,13.0,14.0,1,0,66.857,0
2017-08-24,49.0,2017-W34,0.7329075489477541,1.0,0.0,10.0,14.0,1,0,66.857,0
2017-08-25,49.0,2017-W34,0.7329075489477541,4.0,0.0,5.0,14.0,1,0,66.857,0
2017-08-26,45.0,2017-W34,0.6730783612785497,0.0,0.0,8.333333333333334,14.0,0,0,66.857,0
2017-08-27,46.0,2017-W34,0.6880356581958509,0.0,3.0,8.333333333333334,7.0,0,1,66.857,0
2017-08-28,47.0,2017-W35,0.7014925373134329,0.0,0.0,8.333333333333334,14.0,0,0,67.0,0
2017-08-29,50.0,2017-W35,0.746268656716418,0.0,3.0,8.333333333333334,43.333333333333336,0,1,67.0,0
2017-08-30,50.0,2017-W35,0.746268656716418,1.0,0.0,2.0,14.0,1,0,67.0,0
2017-08-31,50.0,2017-W35,0.746268656716418,0.0,4.0,8.333333333333334,49.5,0,1,67.0,0
2017-09-01,52.0,2017-W35,0.7761194029850746,4.0,7.0,0.0,13.428571428571429,1,1,67.0,0
2017-09-02,51.0,2017-W35,0.7611940298507462,0.0,0.0,8.333333333333334,14.0,0,0,67.0,0
2017-09-03,52.0,2017-W35,0.7761194029850746,0.0,1.0,8.333333333333334,111.0,0,1,67.0,0
2017-09-04,56.0,2017-W36,0.835820895522388,5.0,0.0,1.0,14.0,1,0,67.0,0
2017-09-05,59.0,2017-W36,0.8805970149253731,1.0,7.0,33.0,48.857142857142854,1,1,67.0,0
2017-09-06,60.0,2017-W36,0.8955223880597015,5.0,6.0,27.0,90.33333333333333,1,1,67.0,0
2017-09-07,61.0,2017-W36,0.9104477611940298,0.0,4.0,8.333333333333334,14.0,0,1,67.0,0
2017-09-08,61.0,2017-W36,0.9104477611940298,5.0,7.0,21.6,67.28571428571429,1,1,67.0,0
2017-09-09,58.0,2017-W36,0.8656716417910447,1.0,1.0,1.0,183.0,1,1,67.0,0
2017-09-10,62.0,2017-W36,0.9253731343283582,0.0,2.0,8.333333333333334,11.5,0,1,67.0,0
2017-09-11,63.0,2017-W37,0.9402985074626866,0.0,3.0,8.333333333333334,6.0,0,1,67.0,0
2017-09-12,64.0,2017-W37,0.9552238805970149,0.0,0.0,8.333333333333334,14.0,0,0,67.0,0
2017-09-13,64.0,2017-W37,0.9552238805970149,3.0,0.0,9.666666666666666,14.0,1,0,67.0,0
2017-09-14,62.0,2017-W37,0.9253731343283582,1.0,0.0,3.0,14.0,1,0,67.0,0
2017-09-15,63.0,2017-W37,0.9402985074626866,2.0,0.0,8.0,14.0,1,0,67.0,0
2017-09-16,65.0,2017-W37,0.9701492537313433,0.0,0.0,8.333333333333334,14.0,0,0,67.0,0
2017-09-17,62.0,2017-W37,0.9253731343283582,1.0,1.0,0.0,29.0,1,1,67.0,0
2017-09-18,64.0,2017-W38,0.9552238805970149,1.0,1.0,0.0,20.0,1,1,67.0,0
2017-09-19,64.0,2017-W38,0.9552238805970149,0.0,2.0,8.333333333333334,7.0,0,1,67.0,0
2017-09-20,66.0,2017-W38,0.9850746268656716,0.0,0.0,8.333333333333334,14.0,0,0,67.0,0
2017-09-21,67.0,2017-W38,1.0,3.0,0.0,6.0,14.0,1,0,67.0,0
2017-09-22,67.0,2017-W38,1.0,0.0,0.0,8.333333333333334,14.0,0,0,67.0,0
2017-09-23,67.0,2017-W38,1.0,0.0,4.0,8.333333333333334,1.5,0,1,67.0,0
2017-09-24,67.0,2017-W38,1.0,0.0,3.0,8.333333333333334,5.0,0,1,67.0,0
2017-09-25,67.0,2017-W39,1.0,1.0,0.0,40.0,14.0,1,0,67.0,0
2017-09-26,66.0,2017-W39,0.9850746268656716,0.0,0.0,8.333333333333334,14.0,0,0,67.0,0
2017-09-27,66.0,2017-W39,0.9850746268656716,0.0,4.0,8.333333333333334,4.5,0,1,67.0,0
2017-09-28,66.0,2017-W39,0.9850746268656716,4.0,0.0,2.5,14.0,1,0,67.0,0
2017-09-29,66.0,2017-W39,0.9850746268656716,0.0,0.0,8.333333333333334,14.0,0,0,67.0,0
2017-09-30,65.0,2017-W39,0.9701492537313433,4.0,3.0,5.25,9.666666666666666,1,1,67.0,0
2017-10-01,68.0,2017-W39,1.0149253731343284,0.0,3.0,8.333333333333334,11.333333333333334,0,1,67.0,0
2017-10-02,68.0,2017-W40,0.953903992368768,0.0,6.0,8.333333333333334,19.0,0,1,71.286,0
2017-10-03,70.0,2017-W40,0.9819599921443201,4.0,2.0,1.0,22.0,1,1,71.286,0
2017-10-04,72.0,2017-W40,1.0100159919198721,8.0,4.0,57.75,21.0,1,1,71.286,0
2017-10-05,72.0,2017-W40,1.0100159919198721,0.0,0.0,8.333333333333334,14.0,0,0,71.286,0
2017-10-06,70.0,2017-W40,0.9819599921443201,0.0,0.0,8.333333333333334,14.0,0,0,71.286,0
2017-10-07,70.0,2017-W40,0.9819599921443201,0.0,0.0,8.333333333333334,14.0,0,0,71.286,0
2017-10-08,71.0,2017-W40,0.9959879920320961,0.0,2.0,8.333333333333334,20.5,0,1,71.286,0
2017-10-09,70.0,2017-W41,0.9722222222222222,0.0,0.0,8.333333333333334,14.0,0,0,72.0,0
2017-10-10,70.0,2017-W41,0.9722222222222222,5.0,0.0,5.4,14.0,1,0,72.0,0
2017-10-11,70.0,2017-W41,0.9722222222222222,1.0,0.0,6.0,14.0,1,0,72.0,0
2017-10-12,70.0,2017-W41,0.9722222222222222,2.0,0.0,20.0,14.0,1,0,72.0,0
2017-10-13,71.0,2017-W41,0.9861111111111112,0.0,0.0,8.333333333333334,14.0,0,0,72.0,0
2017-10-14,72.0,2017-W41,1.0,1.0,0.0,2.0,14.0,1,0,72.0,0
2017-10-15,69.0,2017-W41,0.9583333333333334,0.0,1.0,8.333333333333334,27.0,0,1,72.0,0
2017-10-16,71.0,2017-W42,0.9861111111111112,1.0,0.0,1.0,14.0,1,0,72.0,0
2017-10-17,73.0,2017-W42,1.0138888888888888,6.0,4.0,5.333333333333333,11.0,1,1,72.0,0
2017-10-18,73.0,2017-W42,1.0138888888888888,4.0,2.0,4.5,3.0,1,1,72.0,0
2017-10-19,73.0,2017-W42,1.0138888888888888,6.0,0.0,6.333333333333333,14.0,1,0,72.0,0
2017-10-20,73.0,2017-W42,1.0138888888888888,1.0,0.0,2.0,14.0,1,0,72.0,0
2017-10-21,72.0,2017-W42,1.0,0.0,4.0,8.333333333333334,102.0,0,1,72.0,0
2017-10-22,73.0,2017-W42,1.0138888888888888,0.0,0.0,8.333333333333334,14.0,0,0,72.0,0
2017-10-23,73.0,2017-W43,1.0138888888888888,1.0,0.0,2.0,14.0,1,0,72.0,0
2017-10-24,73.0,2017-W43,1.0138888888888888,0.0,4.0,8.333333333333334,6.0,0,1,72.0,0
2017-10-25,72.0,2017-W43,1.0,0.0,1.0,8.333333333333334,58.0,0,1,72.0,0
2017-10-26,72.0,2017-W43,1.0,0.0,1.0,8.333333333333334,6.0,0,1,72.0,0
2017-10-27,72.0,2017-W43,1.0,0.0,0.0,8.333333333333334,14.0,0,0,72.0,0
2017-10-28,72.0,2017-W43,1.0,3.0,2.0,2.3333333333333335,53.0,1,1,72.0,0
2017-10-29,71.0,2017-W43,0.9861111111111112,0.0,2.0,8.333333333333334,8.0,0,1,72.0,0
2017-10-30,72.0,2017-W44,1.0,2.0,2.0,5.0,30.0,1,1,72.0,0
2017-10-31,72.0,2017-W44,1.0,3.0,1.0,29.333333333333332,30.0,1,1,72.0,0
2017-11-01,71.0,2017-W44,0.9861111111111112,1.0,0.0,5.0,14.0,1,0,72.0,0
2017-11-02,70.0,2017-W44,0.9722222222222222,3.0,0.0,4.0,14.0,1,0,72.0,0
2017-11-03,69.0,2017-W44,0.9583333333333334,0.0,1.0,8.333333333333334,8.0,0,1,72.0,0
2017-11-04,73.0,2017-W44,1.0138888888888888,0.0,2.0,8.333333333333334,18.5,0,1,72.0,0
2017-11-05,73.0,2017-W44,1.0138888888888888,0.0,0.0,8.333333333333334,14.0,0,0,72.0,0
2017-11-06,72.0,2017-W45,1.0,0.0,1.0,8.333333333333334,38.0,0,1,72.0,0
2017-11-07,72.0,2017-W45,1.0,0.0,3.0,8.333333333333334,18.666666666666668,0,1,72.0,0
2017-11-08,72.0,2017-W45,1.0,5.0,1.0,4.0,11.0,1,1,72.0,0
2017-11-09,72.0,2017-W45,1.0,2.0,1.0,1.0,8.0,1,1,72.0,0
2017-11-10,73.0,2017-W45,1.0138888888888888,0.0,1.0,8.333333333333334,10.0,0,1,72.0,0
2017-11-11,71.0,2017-W45,0.9861111111111112,0.0,0.0,8.333333333333334,14.0,0,0,72.0,0
2017-11-12,73.0,2017-W45,1.0138888888888888,0.0,3.0,8.333333333333334,31.333333333333332,0,1,72.0,0
2017-11-13,72.0,2017-W46,1.0,3.0,0.0,37.0,14.0,1,0,72.0,0
2017-11-14,71.0,2017-W46,0.9861111111111112,0.0,0.0,8.333333333333334,14.0,0,0,72.0,0
2017-11-15,71.0,2017-W46,0.9861111111111112,2.0,3.0,59.0,23.0,1,1,72.0,0
2017-11-16,70.0,2017-W46,0.9722222222222222,1.0,1.0,17.0,10.0,1,1,72.0,0
2017-11-17,69.0,2017-W46,0.9583333333333334,2.0,3.0,6.0,13.0,1,1,72.0,0
2017-11-18,70.0,2017-W46,0.9722222222222222,1.0,2.0,0.0,7.0,1,1,72.0,0
2017-11-19,69.0,2017-W46,0.9583333333333334,0.0,0.0,8.333333333333334,14.0,0,0,72.0,0
2017-11-20,68.0,2017-W47,0.9444444444444444,0.0,0.0,8.333333333333334,14.0,0,0,72.0,0
2017-11-21,69.0,2017-W47,0.9583333333333334,2.0,1.0,0.0,17.0,1,1,72.0,0
2017-11-22,69.0,2017-W47,0.9583333333333334,0.0,0.0,8.333333333333334,14.0,0,0,72.0,0
2017-11-23,70.0,2017-W47,0.9722222222222222,1.0,0.0,9.0,14.0,1,0,72.0,0
2017-11-24,70.0,2017-W47,0.9722222222222222,0.0,0.0,8.333333333333334,14.0,0,0,72.0,0
2017-11-25,69.0,2017-W47,0.9583333333333334,0.0,2.0,8.333333333333334,19.0,0,1,72.0,0
2017-11-26,68.0,2017-W47,0.9444444444444444,0.0,0.0,8.333333333333334,14.0,0,0,72.0,0
2017-11-27,68.0,2017-W48,0.9444444444444444,3.0,1.0,42.666666666666664,20.0,1,1,72.0,0
2017-11-28,68.0,2017-W48,0.9444444444444444,0.0,2.0,8.333333333333334,19.0,0,1,72.0,0
2017-11-29,67.0,2017-W48,0.9305555555555556,3.0,5.0,38.333333333333336,14.0,1,1,72.0,0
2017-11-30,65.0,2017-W48,0.9027777777777778,0.0,1.0,8.333333333333334,14.0,0,1,72.0,0
2017-12-01,65.0,2017-W48,0.9027777777777778,1.0,0.0,1.0,14.0,1,0,72.0,0
2017-12-02,67.0,2017-W48,0.9305555555555556,0.0,3.0,8.333333333333334,20.333333333333332,0,1,72.0,0
2017-12-03,68.0,2017-W48,0.9444444444444444,0.0,1.0,8.333333333333334,28.0,0,1,72.0,0
2017-12-04,68.0,2017-W49,0.9444444444444444,1.0,0.0,37.0,14.0,1,0,72.0,0
2017-12-05,66.0,2017-W49,0.9166666666666666,0.0,3.0,8.333333333333334,3.0,0,1,72.0,0
2017-12-06,66.0,2017-W49,0.9166666666666666,4.0,3.0,9.5,14.0,1,1,72.0,0
2017-12-07,67.0,2017-W49,0.9305555555555556,2.0,0.0,16.5,14.0,1,0,72.0,0
2017-12-08,65.0,2017-W49,0.9027777777777778,0.0,2.0,8.333333333333334,36.0,0,1,72.0,0
2017-12-09,65.0,2017-W49,0.9027777777777778,0.0,0.0,8.333333333333334,14.0,0,0,72.0,0
2017-12-10,65.0,2017-W49,0.9027777777777778,1.0,1.0,23.0,6.0,1,1,72.0,0
2017-12-11,65.0,2017-W50,0.9027777777777778,0.0,3.0,8.333333333333334,10.0,0,1,72.0,0
2017-12-12,65.0,2017-W50,0.9027777777777778,0.0,0.0,8.333333333333334,14.0,0,0,72.0,0
2017-12-13,65.0,2017-W50,0.9027777777777778,6.0,9.0,25.666666666666668,14.0,1,1,72.0,0
2017-12-14,62.0,2017-W50,0.8611111111111112,0.0,0.0,8.333333333333334,14.0,0,0,72.0,0
2017-12-15,58.0,2017-W50,0.8055555555555556,1.0,0.0,36.0,14.0,1,0,72.0,0
2017-12-16,53.0,2017-W50,0.7361111111111112,1.0,0.0,34.0,14.0,1,0,72.0,0
2017-12-17,51.0,2017-W50,0.7083333333333334,0.0,2.0,8.333333333333334,4.5,0,1,72.0,0
2017-12-18,51.0,2017-W51,0.7531677348849574,4.0,0.0,1.0,14.0,1,0,67.714,0
2017-12-19,47.0,2017-W51,0.6940957556782941,0.0,0.0,8.333333333333334,14.0,0,0,67.714,0
2017-12-20,47.0,2017-W51,0.6940957556782941,0.0,0.0,8.333333333333334,14.0,0,0,67.714,0
2017-12-21,44.0,2017-W51,0.6497917712732966,0.0,0.0,8.333333333333334,14.0,0,0,67.714,0
2017-12-22,42.0,2017-W51,0.6202557816699649,0.0,6.0,8.333333333333334,19.166666666666668,0,1,67.714,0
2017-12-23,38.0,2017-W51,0.5611838024633016,0.0,0.0,8.333333333333334,14.0,0,0,67.714,0
2017-12-24,37.0,2017-W51,0.5464158076616357,0.0,0.0,8.333333333333334,14.0,0,0,67.714,0
2017-12-25,37.0,2017-W52,0.5606060606060606,0.0,0.0,8.333333333333334,14.0,0,0,66.0,0
2017-12-26,37.0,2017-W52,0.5606060606060606,0.0,0.0,8.333333333333334,14.0,0,0,66.0,0
2017-12-27,37.0,2017-W52,0.5606060606060606,4.0,0.0,1.0,14.0,1,0,66.0,0
2017-12-28,38.0,2017-W52,0.5757575757575758,0.0,0.0,8.333333333333334,14.0,0,0,66.0,0
2017-12-29,38.0,2017-W52,0.5757575757575758,2.0,0.0,5.0,14.0,1,0,66.0,0
2017-12-30,37.0,2017-W52,0.5606060606060606,0.0,0.0,8.333333333333334,14.0,0,0,66.0,0
2017-12-31,37.0,2017-W52,0.5606060606060606,0.0,0.0,8.333333333333334,14.0,0,0,66.0,1
2018-01-01,39.0,2018-W01,0.5492957746478874,2.0,1.0,8.0,56.0,1,1,71.0,0
2018-01-02,40.0,2018-W01,0.5633802816901409,0.0,5.0,8.333333333333334,7.0,0,1,71.0,0
2018-01-03,41.0,2018-W01,0.5774647887323944,6.0,0.0,3.6666666666666665,14.0,1,0,71.0,0
2018-01-04,44.0,2018-W01,0.6197183098591549,1.0,3.0,1.0,22.666666666666668,1,1,71.0,0
2018-01-05,47.0,2018-W01,0.6619718309859155,5.0,1.0,16.0,7.0,1,1,71.0,0
2018-01-06,47.0,2018-W01,0.6619718309859155,1.0,0.0,13.0,14.0,1,0,71.0,0
2018-01-07,48.0,2018-W01,0.676056338028169,0.0,2.0,8.333333333333334,73.0,0,1,71.0,0
2018-01-08,52.0,2018-W02,0.6986524069918983,2.0,0.0,24.0,14.0,1,0,74.429,0
2018-01-09,54.0,2018-W02,0.7255236534146636,2.0,0.0,5.0,14.0,1,0,74.429,0
2018-01-10,55.0,2018-W02,0.7389592766260463,1.0,1.0,2.0,133.0,1,1,74.429,0
2018-01-11,57.0,2018-W02,0.7658305230488116,6.0,0.0,11.666666666666666,14.0,1,0,74.429,0
2018-01-12,60.0,2018-W02,0.8061373926829596,1.0,1.0,1.0,22.0,1,1,74.429,0
2018-01-13,59.0,2018-W02,0.7927017694715769,0.0,1.0,8.333333333333334,34.0,0,1,74.429,0
2018-01-14,61.0,2018-W02,0.8195730158943423,1.0,3.0,7.0,13.0,1,1,74.429,0
2018-01-15,59.0,2018-W03,0.7866666666666666,5.0,0.0,15.2,14.0,1,0,75.0,0
2018-01-16,58.0,2018-W03,0.7733333333333333,2.0,4.0,22.0,7.0,1,1,75.0,0
2018-01-17,58.0,2018-W03,0.7733333333333333,4.0,1.0,3.5,1.0,1,1,75.0,0
2018-01-18,56.0,2018-W03,0.7466666666666667,2.0,0.0,31.0,14.0,1,0,75.0,0
2018-01-19,61.0,2018-W03,0.8133333333333334,0.0,3.0,8.333333333333334,9.666666666666666,0,1,75.0,0
2018-01-20,65.0,2018-W03,0.8666666666666667,2.0,8.0,0.0,31.625,1,1,75.0,0
2018-01-21,67.0,2018-W03,0.8933333333333333,0.0,1.0,8.333333333333334,28.0,0,1,75.0,0
2018-01-22,67.0,2018-W04,0.8933333333333333,1.0,8.0,1.0,5.0,1,1,75.0,0
2018-01-23,67.0,2018-W04,0.8933333333333333,0.0,2.0,8.333333333333334,9.0,0,1,75.0,0
2018-01-24,67.0,2018-W04,0.8933333333333333,1.0,0.0,4.0,14.0,1,0,75.0,0
2018-01-25,66.0,2018-W04,0.88,0.0,0.0,8.333333333333334,14.0,0,0,75.0,0
2018-01-26,65.0,2018-W04,0.8666666666666667,3.0,5.0,17.333333333333332,7.4,1,1,75.0,0
2018-01-27,65.0,2018-W04,0.8666666666666667,0.0,1.0,8.333333333333334,5.0,0,1,75.0,0
2018-01-28,66.0,2018-W04,0.88,0.0,1.0,8.333333333333334,27.0,0,1,75.0,0
2018-01-29,66.0,2018-W05,0.88,8.0,4.0,8.375,4.25,1,1,75.0,0
2018-01-30,67.0,2018-W05,0.8933333333333333,0.0,3.0,8.333333333333334,9.0,0,1,75.0,0
2018-01-31,67.0,2018-W05,0.8933333333333333,4.0,2.0,6.25,35.0,1,1,75.0,0
2018-02-01,68.0,2018-W05,0.9066666666666666,2.0,0.0,10.5,14.0,1,0,75.0,0
2018-02-02,66.0,2018-W05,0.88,1.0,0.0,1.0,14.0,1,0,75.0,0
2018-02-03,67.0,2018-W05,0.8933333333333333,3.0,2.0,21.666666666666668,18.5,1,1,75.0,0
2018-02-04,68.0,2018-W05,0.9066666666666666,1.0,1.0,0.0,29.0,1,1,75.0,0
2018-02-05,69.0,2018-W06,0.92,0.0,2.0,8.333333333333334,49.5,0,1,75.0,0
2018-02-06,73.0,2018-W06,0.9733333333333334,6.0,4.0,4.833333333333333,10.5,1,1,75.0,0
2018-02-07,73.0,2018-W06,0.9733333333333334,2.0,1.0,13.0,10.0,1,1,75.0,0
2018-02-08,73.0,2018-W06,0.9733333333333334,0.0,3.0,8.333333333333334,6.0,0,1,75.0,0
2018-02-09,72.0,2018-W06,0.96,1.0,2.0,25.0,4.0,1,1,75.0,0
2018-02-10,73.0,2018-W06,0.9733333333333334,1.0,1.0,4.0,14.0,1,1,75.0,0
2018-02-11,73.0,2018-W06,0.9733333333333334,0.0,4.0,8.333333333333334,7.0,0,1,75.0,0
2018-02-12,72.0,2018-W07,0.96,3.0,0.0,1.6666666666666667,14.0,1,0,75.0,0
2018-02-13,66.0,2018-W07,0.88,1.0,0.0,1.0,14.0,1,0,75.0,0
2018-02-14,67.0,2018-W07,0.8933333333333333,3.0,0.0,36.0,14.0,1,0,75.0,0
2018-02-15,68.0,2018-W07,0.9066666666666666,3.0,1.0,2.6666666666666665,14.0,1,1,75.0,0
2018-02-16,68.0,2018-W07,0.9066666666666666,9.0,3.0,10.666666666666666,5.0,1,1,75.0,0
2018-02-17,68.0,2018-W07,0.9066666666666666,0.0,1.0,8.333333333333334,30.0,0,1,75.0,0
2018-02-18,69.0,2018-W07,0.92,0.0,6.0,8.333333333333334,14.0,0,1,75.0,0
2018-02-19,71.0,2018-W08,0.9466666666666667,3.0,0.0,6.0,14.0,1,0,75.0,0
2018-02-20,72.0,2018-W08,0.96,0.0,1.0,8.333333333333334,21.0,0,1,75.0,0
2018-02-21,72.0,2018-W08,0.96,0.0,0.0,8.333333333333334,14.0,0,0,75.0,0
2018-02-22,72.0,2018-W08,0.96,1.0,0.0,9.0,14.0,1,0,75.0,0
2018-02-23,71.0,2018-W08,0.9466666666666667,4.0,1.0,10.0,7.0,1,1,75.0,0
2018-02-24,71.0,2018-W08,0.9466666666666667,0.0,0.0,8.333333333333334,14.0,0,0,75.0,0
2018-02-25,69.0,2018-W08,0.92,0.0,2.0,8.333333333333334,7.0,0,1,75.0,0
2018-02-26,71.0,2018-W09,0.9466666666666667,1.0,4.0,0.0,16.25,1,1,75.0,0
2018-02-27,70.0,2018-W09,0.9333333333333333,0.0,2.0,8.333333333333334,7.0,0,1,75.0,0
2018-02-28,73.0,2018-W09,0.9733333333333334,2.0,0.0,2.0,14.0,1,0,75.0,0
2018-03-01,72.0,2018-W09,0.96,2.0,0.0,11.0,14.0,1,0,75.0,0
2018-03-02,74.0,2018-W09,0.9866666666666667,4.0,0.0,9.75,14.0,1,0,75.0,0
2018-03-03,74.0,2018-W09,0.9866666666666667,0.0,0.0,8.333333333333334,14.0,0,0,75.0,0
2018-03-04,73.0,2018-W09,0.9733333333333334,0.0,0.0,8.333333333333334,14.0,0,0,75.0,0
2018-03-05,73.0,2018-W10,0.9733333333333334,6.0,5.0,5.166666666666667,29.4,1,1,75.0,0
2018-03-06,73.0,2018-W10,0.9733333333333334,6.0,2.0,3.1666666666666665,4.0,1,1,75.0,0
2018-03-07,74.0,2018-W10,0.9866666666666667,0.0,3.0,8.333333333333334,7.666666666666667,0,1,75.0,0
2018-03-08,74.0,2018-W10,0.9866666666666667,0.0,0.0,8.333333333333334,14.0,0,0,75.0,0
2018-03-09,74.0,2018-W10,0.9866666666666667,1.0,7.0,3.0,8.142857142857142,1,1,75.0,0
2018-03-10,74.0,2018-W10,0.9866666666666667,0.0,5.0,8.333333333333334,32.8,0,1,75.0,0
2018-03-11,75.0,2018-W10,1.0,0.0,2.0,8.333333333333334,12.0,0,1,75.0,0
2018-03-12,75.0,2018-W11,1.0,2.0,2.0,4.0,15.5,1,1,75.0,0
2018-03-13,73.0,2018-W11,0.9733333333333334,3.0,0.0,12.666666666666666,14.0,1,0,75.0,0
2018-03-14,73.0,2018-W11,0.9733333333333334,0.0,2.0,8.333333333333334,14.0,0,1,75.0,0
2018-03-15,73.0,2018-W11,0.9733333333333334,5.0,1.0,15.8,8.0,1,1,75.0,0
2018-03-16,72.0,2018-W11,0.96,5.0,0.0,2.6,14.0,1,0,75.0,0
2018-03-17,71.0,2018-W11,0.9466666666666667,0.0,0.0,8.333333333333334,14.0,0,0,75.0,0
2018-03-18,70.0,2018-W11,0.9333333333333333,0.0,3.0,8.333333333333334,34.666666666666664,0,1,75.0,0
2018-03-19,72.0,2018-W12,0.96,0.0,1.0,8.333333333333334,40.0,0,1,75.0,0
2018-03-20,72.0,2018-W12,0.96,0.0,3.0,8.333333333333334,6.666666666666667,0,1,75.0,0
2018-03-21,71.0,2018-W12,0.9466666666666667,0.0,0.0,8.333333333333334,14.0,0,0,75.0,0
2018-03-22,72.0,2018-W12,0.96,2.0,4.0,9.0,4.0,1,1,75.0,0
2018-03-23,69.0,2018-W12,0.92,2.0,0.0,14.5,14.0,1,0,75.0,0
2018-03-24,67.0,2018-W12,0.8933333333333333,0.0,0.0,8.333333333333334,14.0,0,0,75.0,0
2018-03-25,67.0,2018-W12,0.8933333333333333,0.0,4.0,8.333333333333334,6.5,0,1,75.0,0
2018-03-26,68.0,2018-W13,0.9066666666666666,5.0,1.0,3.4,14.0,1,1,75.0,0
2018-03-27,67.0,2018-W13,0.8933333333333333,0.0,0.0,8.333333333333334,14.0,0,0,75.0,0
2018-03-28,65.0,2018-W13,0.8666666666666667,0.0,3.0,8.333333333333334,9.333333333333334,0,1,75.0,0
2018-03-29,66.0,2018-W13,0.88,2.0,1.0,2.0,85.0,1,1,75.0,0
2018-03-30,67.0,2018-W13,0.8933333333333333,0.0,3.0,8.333333333333334,7.0,0,1,75.0,0
2018-03-31,70.0,2018-W13,0.9333333333333333,3.0,0.0,0.0,14.0,1,0,75.0,0
2018-04-01,70.0,2018-W13,0.9333333333333333,1.0,0.0,7.0,14.0,1,0,75.0,0
2018-04-02,71.0,2018-W14,0.9466666666666667,0.0,0.0,8.333333333333334,14.0,0,0,75.0,0
2018-04-03,71.0,2018-W14,0.9466666666666667,2.0,5.0,4.0,25.6,1,1,75.0,0
2018-04-04,71.0,2018-W14,0.9466666666666667,0.0,2.0,8.333333333333334,8.5,0,1,75.0,0
2018-04-05,70.0,2018-W14,0.9333333333333333,1.0,1.0,0.0,22.0,1,1,75.0,0
2018-04-06,67.0,2018-W14,0.8933333333333333,0.0,1.0,8.333333333333334,71.0,0,1,75.0,0
2018-04-07,68.0,2018-W14,0.9066666666666666,2.0,3.0,2.0,147.66666666666666,1,1,75.0,0
2018-04-08,72.0,2018-W14,0.96,0.0,6.0,8.333333333333334,34.666666666666664,0,1,75.0,0
2018-04-09,73.0,2018-W15,0.9733333333333334,0.0,4.0,8.333333333333334,43.0,0,1,75.0,0
2018-04-10,72.0,2018-W15,0.96,0.0,1.0,8.333333333333334,24.0,0,1,75.0,0
2018-04-11,71.0,2018-W15,0.9466666666666667,0.0,0.0,8.333333333333334,14.0,0,0,75.0,0
2018-04-12,71.0,2018-W15,0.9466666666666667,0.0,1.0,8.333333333333334,7.0,0,1,75.0,0
2018-04-13,71.0,2018-W15,0.9466666666666667,0.0,2.0,8.333333333333334,39.0,0,1,75.0,0
2018-04-14,69.0,2018-W15,0.92,0.0,0.0,8.333333333333334,14.0,0,0,75.0,0
2018-04-15,68.0,2018-W15,0.9066666666666666,0.0,0.0,8.333333333333334,14.0,0,0,75.0,0
2018-04-16,68.0,2018-W16,0.9066666666666666,4.0,1.0,12.0,42.0,1,1,75.0,0
2018-04-17,68.0,2018-W16,0.9066666666666666,2.0,0.0,17.0,14.0,1,0,75.0,0
2018-04-18,69.0,2018-W16,0.92,14.0,2.0,12.214285714285714,7.0,1,1,75.0,0
2018-04-19,71.0,2018-W16,0.9466666666666667,1.0,1.0,2.0,3.0,1,1,75.0,0
2018-04-20,71.0,2018-W16,0.9466666666666667,4.0,2.0,1.5,4.0,1,1,75.0,0
2018-04-21,71.0,2018-W16,0.9466666666666667,2.0,0.0,7.0,14.0,1,0,75.0,0
2018-04-22,69.0,2018-W16,0.92,2.0,0.0,3.0,14.0,1,0,75.0,0
2018-04-23,71.0,2018-W17,0.9466666666666667,1.0,4.0,5.0,10.0,1,1,75.0,0
2018-04-24,66.0,2018-W17,0.88,0.0,1.0,8.333333333333334,1.0,0,1,75.0,0
2018-04-25,68.0,2018-W17,0.9066666666666666,2.0,0.0,102.0,14.0,1,0,75.0,0
2018-04-26,68.0,2018-W17,0.9066666666666666,0.0,0.0,8.333333333333334,14.0,0,0,75.0,0
2018-04-27,67.0,2018-W17,0.8933333333333333,3.0,0.0,5.0,14.0,1,0,75.0,0
2018-04-28,69.0,2018-W17,0.92,0.0,7.0,8.333333333333334,38.42857142857143,0,1,75.0,0
2018-04-29,71.0,2018-W17,0.9466666666666667,0.0,2.0,8.333333333333334,32.0,0,1,75.0,0
2018-04-30,69.0,2018-W18,0.92,0.0,1.0,8.333333333333334,7.0,0,1,75.0,0
2018-05-01,67.0,2018-W18,0.8933333333333333,1.0,3.0,13.0,20.333333333333332,1,1,75.0,0
2018-05-02,68.0,2018-W18,0.9066666666666666,0.0,0.0,8.333333333333334,14.0,0,0,75.0,0
2018-05-03,67.0,2018-W18,0.8933333333333333,5.0,0.0,18.8,14.0,1,0,75.0,0
2018-05-04,69.0,2018-W18,0.92,8.0,0.0,33.625,14.0,1,0,75.0,0
2018-05-05,69.0,2018-W18,0.92,0.0,1.0,8.333333333333334,38.0,0,1,75.0,0
2018-05-06,72.0,2018-W18,0.96,0.0,6.0,8.333333333333334,28.0,0,1,75.0,0
2018-05-07,73.0,2018-W19,0.9733333333333334,0.0,4.0,8.333333333333334,12.0,0,1,75.0,0
2018-05-08,72.0,2018-W19,0.96,2.0,0.0,11.5,14.0,1,0,75.0,0
2018-05-09,71.0,2018-W19,0.9466666666666667,1.0,2.0,4.0,6.0,1,1,75.0,0
2018-05-10,71.0,2018-W19,0.9466666666666667,2.0,0.0,80.0,14.0,1,0,75.0,0
2018-05-11,71.0,2018-W19,0.9466666666666667,1.0,0.0,9.0,14.0,1,0,75.0,0
2018-05-12,72.0,2018-W19,0.96,0.0,0.0,8.333333333333334,14.0,0,0,75.0,0
2018-05-13,73.0,2018-W19,0.9733333333333334,0.0,2.0,8.333333333333334,60.5,0,1,75.0,0
2018-05-14,73.0,2018-W20,0.9733333333333334,2.0,0.0,110.0,14.0,1,0,75.0,0
2018-05-15,71.0,2018-W20,0.9466666666666667,0.0,0.0,8.333333333333334,14.0,0,0,75.0,0
2018-05-16,70.0,2018-W20,0.9333333333333333,2.0,1.0,45.0,0.0,1,1,75.0,0
2018-05-17,70.0,2018-W20,0.9333333333333333,1.0,0.0,100.0,14.0,1,0,75.0,0
2018-05-18,71.0,2018-W20,0.9466666666666667,2.0,2.0,0.0,30.0,1,1,75.0,0
2018-05-19,71.0,2018-W20,0.9466666666666667,3.0,0.0,2.0,14.0,1,0,75.0,0
2018-05-20,75.0,2018-W20,1.0,2.0,1.0,108.5,7.0,1,1,75.0,0
2018-05-21,75.0,2018-W21,1.0,1.0,2.0,14.0,7.0,1,1,75.0,0
2018-05-22,74.0,2018-W21,0.9866666666666667,1.0,1.0,39.0,7.0,1,1,75.0,0
2018-05-23,70.0,2018-W21,0.9333333333333333,4.0,0.0,20.75,14.0,1,0,75.0,0
2018-05-24,71.0,2018-W21,0.9466666666666667,2.0,8.0,1.0,13.75,1,1,75.0,0
2018-05-25,74.0,2018-W21,0.9866666666666667,1.0,0.0,8.0,14.0,1,0,75.0,0
2018-05-26,74.0,2018-W21,0.9866666666666667,0.0,0.0,8.333333333333334,14.0,0,0,75.0,0
2018-05-27,73.0,2018-W21,0.9733333333333334,0.0,3.0,8.333333333333334,24.666666666666668,0,1,75.0,0
2018-05-28,72.0,2018-W22,0.96,3.0,0.0,4.0,14.0,1,0,75.0,0
2018-05-29,73.0,2018-W22,0.9733333333333334,4.0,2.0,1.0,15.0,1,1,75.0,0
2018-05-30,71.0,2018-W22,0.9466666666666667,2.0,0.0,6.0,14.0,1,0,75.0,0
2018-05-31,71.0,2018-W22,0.9466666666666667,2.0,1.0,13.5,7.0,1,1,75.0,0
2018-06-01,69.0,2018-W22,0.92,3.0,1.0,47.666666666666664,15.0,1,1,75.0,0
2018-06-02,70.0,2018-W22,0.9333333333333333,0.0,1.0,8.333333333333334,52.0,0,1,75.0,0
2018-06-03,67.0,2018-W22,0.8933333333333333,2.0,5.0,7.0,7.0,1,1,75.0,0
2018-06-04,68.0,2018-W23,0.9066666666666666,9.0,1.0,18.88888888888889,28.0,1,1,75.0,0
2018-06-05,70.0,2018-W23,0.9333333333333333,3.0,2.0,4.0,53.0,1,1,75.0,0
2018-06-06,70.0,2018-W23,0.9333333333333333,0.0,2.0,8.333333333333334,7.0,0,1,75.0,0
2018-06-07,69.0,2018-W23,0.92,0.0,0.0,8.333333333333334,14.0,0,0,75.0,0
2018-06-08,69.0,2018-W23,0.92,2.0,0.0,6.0,14.0,1,0,75.0,0
2018-06-09,71.0,2018-W23,0.9466666666666667,0.0,6.0,8.333333333333334,46.333333333333336,0,1,75.0,0
2018-06-10,69.0,2018-W23,0.92,0.0,2.0,8.333333333333334,30.0,0,1,75.0,0
2018-06-11,70.0,2018-W24,0.9333333333333333,0.0,2.0,8.333333333333334,15.5,0,1,75.0,0
2018-06-12,70.0,2018-W24,0.9333333333333333,0.0,0.0,8.333333333333334,14.0,0,0,75.0,0
2018-06-13,68.0,2018-W24,0.9066666666666666,3.0,0.0,1.3333333333333333,14.0,1,0,75.0,0
2018-06-14,71.0,2018-W24,0.9466666666666667,0.0,3.0,8.333333333333334,17.333333333333332,0,1,75.0,0
2018-06-15,70.0,2018-W24,0.9333333333333333,0.0,1.0,8.333333333333334,7.0,0,1,75.0,0
2018-06-16,70.0,2018-W24,0.9333333333333333,0.0,1.0,8.333333333333334,28.0,0,1,75.0,0
2018-06-17,69.0,2018-W24,0.92,0.0,0.0,8.333333333333334,14.0,0,0,75.0,0
2018-06-18,69.0,2018-W25,0.92,2.0,0.0,80.0,14.0,1,0,75.0,0
2018-06-19,69.0,2018-W25,0.92,5.0,8.0,36.8,45.875,1,1,75.0,0
2018-06-20,69.0,2018-W25,0.92,4.0,0.0,30.0,14.0,1,0,75.0,0
2018-06-21,66.0,2018-W25,0.88,5.0,1.0,17.0,7.0,1,1,75.0,0
2018-06-22,64.0,2018-W25,0.8533333333333334,0.0,0.0,8.333333333333334,14.0,0,0,75.0,0
2018-06-23,63.0,2018-W25,0.84,7.0,1.0,2.7142857142857144,28.0,1,1,75.0,0
2018-06-24,66.0,2018-W25,0.88,0.0,4.0,8.333333333333334,68.0,0,1,75.0,0
2018-06-25,66.0,2018-W26,0.88,0.0,0.0,8.333333333333334,14.0,0,0,75.0,0
2018-06-26,67.0,2018-W26,0.8933333333333333,1.0,2.0,71.0,59.0,1,1,75.0,0
2018-06-27,67.0,2018-W26,0.8933333333333333,0.0,0.0,8.333333333333334,14.0,0,0,75.0,0
2018-06-28,67.0,2018-W26,0.8933333333333333,2.0,2.0,13.0,21.0,1,1,75.0,0
2018-06-29,67.0,2018-W26,0.8933333333333333,0.0,0.0,8.333333333333334,14.0,0,0,75.0,0
2018-06-30,68.0,2018-W26,0.9066666666666666,0.0,3.0,8.333333333333334,42.0,0,1,75.0,0
2018-07-01,70.0,2018-W26,0.9333333333333333,0.0,7.0,8.333333333333334,56.857142857142854,0,1,75.0,0
2018-07-02,68.0,2018-W27,0.9066666666666666,0.0,0.0,8.333333333333334,14.0,0,0,75.0,0
2018-07-03,68.0,2018-W27,0.9066666666666666,1.0,2.0,63.0,9.0,1,1,75.0,0
2018-07-04,69.0,2018-W27,0.92,3.0,0.0,4.0,14.0,1,0,75.0,0
2018-07-05,68.0,2018-W27,0.9066666666666666,3.0,0.0,9.666666666666666,14.0,1,0,75.0,0
2018-07-06,67.0,2018-W27,0.8933333333333333,2.0,2.0,0.0,56.0,1,1,75.0,0
2018-07-07,67.0,2018-W27,0.8933333333333333,0.0,0.0,8.333333333333334,14.0,0,0,75.0,0
2018-07-08,69.0,2018-W27,0.92,0.0,5.0,8.333333333333334,44.8,0,1,75.0,0
2018-07-09,69.0,2018-W28,0.92,0.0,0.0,8.333333333333334,14.0,0,0,75.0,0
2018-07-10,68.0,2018-W28,0.9066666666666666,0.0,0.0,8.333333333333334,14.0,0,0,75.0,0
2018-07-11,67.0,2018-W28,0.8933333333333333,2.0,0.0,2.0,14.0,1,0,75.0,0
2018-07-12,67.0,2018-W28,0.8933333333333333,2.0,1.0,3.0,12.0,1,1,75.0,0
2018-07-13,67.0,2018-W28,0.8933333333333333,0.0,0.0,8.333333333333334,14.0,0,0,75.0,0
2018-07-14,68.0,2018-W28,0.9066666666666666,0.0,1.0,8.333333333333334,14.0,0,1,75.0,0
2018-07-15,69.0,2018-W28,0.92,0.0,3.0,8.333333333333334,73.0,0,1,75.0,0
2018-07-16,69.0,2018-W29,0.92,0.0,0.0,8.333333333333334,14.0,0,0,75.0,0
2018-07-17,69.0,2018-W29,0.92,7.0,3.0,30.714285714285715,7.0,1,1,75.0,0
2018-07-18,71.0,2018-W29,0.9466666666666667,3.0,2.0,6.0,15.0,1,1,75.0,0
2018-07-19,70.0,2018-W29,0.9333333333333333,1.0,0.0,2.0,14.0,1,0,75.0,0
2018-07-20,70.0,2018-W29,0.9333333333333333,12.0,0.0,9.0,14.0,1,0,75.0,0
2018-07-21,70.0,2018-W29,0.9333333333333333,0.0,4.0,8.333333333333334,27.5,0,1,75.0,0
2018-07-22,71.0,2018-W29,0.9466666666666667,1.0,2.0,0.0,10.0,1,1,75.0,0
2018-07-23,71.0,2018-W30,0.9466666666666667,6.0,0.0,30.333333333333332,14.0,1,0,75.0,0
2018-07-24,71.0,2018-W30,0.9466666666666667,1.0,0.0,3.0,14.0,1,0,75.0,0
2018-07-25,72.0,2018-W30,0.96,0.0,0.0,8.333333333333334,14.0,0,0,75.0,0
2018-07-26,72.0,2018-W30,0.96,0.0,0.0,8.333333333333334,14.0,0,0,75.0,0
2018-07-27,72.0,2018-W30,0.96,0.0,1.0,8.333333333333334,13.0,0,1,75.0,0
2018-07-28,72.0,2018-W30,0.96,0.0,0.0,8.333333333333334,14.0,0,0,75.0,0
2018-07-29,75.0,2018-W30,1.0,2.0,3.0,35.0,16.0,1,1,75.0,0
2018-07-30,75.0,2018-W31,1.0,3.0,3.0,0.0,9.0,1,1,75.0,0
2018-07-31,74.0,2018-W31,0.9866666666666667,1.0,0.0,2.0,14.0,1,0,75.0,0
2018-08-01,74.0,2018-W31,0.9866666666666667,2.0,0.0,24.0,14.0,1,0,75.0,0
2018-08-02,73.0,2018-W31,0.9733333333333334,2.0,1.0,27.5,15.0,1,1,75.0,0
2018-08-03,73.0,2018-W31,0.9733333333333334,0.0,0.0,8.333333333333334,14.0,0,0,75.0,0
2018-08-04,73.0,2018-W31,0.9733333333333334,0.0,0.0,8.333333333333334,14.0,0,0,75.0,0
2018-08-05,72.0,2018-W31,0.96,0.0,2.0,8.333333333333334,85.0,0,1,75.0,0
2018-08-06,74.0,2018-W32,0.9866666666666667,1.0,6.0,30.0,28.5,1,1,75.0,0
2018-08-07,74.0,2018-W32,0.9866666666666667,4.0,0.0,27.75,14.0,1,0,75.0,0
2018-08-08,73.0,2018-W32,0.9733333333333334,0.0,2.0,8.333333333333334,14.0,0,1,75.0,0
2018-08-09,74.0,2018-W32,0.9866666666666667,1.0,2.0,1.0,12.0,1,1,75.0,0
2018-08-10,73.0,2018-W32,0.9733333333333334,0.0,1.0,8.333333333333334,15.0,0,1,75.0,0
2018-08-11,76.0,2018-W32,1.0133333333333334,0.0,2.0,8.333333333333334,20.0,0,1,75.0,0
2018-08-12,76.0,2018-W32,1.0133333333333334,0.0,0.0,8.333333333333334,14.0,0,0,75.0,0
2018-08-13,76.0,2018-W33,1.0133333333333334,1.0,0.0,14.0,14.0,1,0,75.0,0
2018-08-14,74.0,2018-W33,0.9866666666666667,0.0,3.0,8.333333333333334,10.666666666666666,0,1,75.0,0
2018-08-15,74.0,2018-W33,0.9866666666666667,2.0,0.0,10.0,14.0,1,0,75.0,0
2018-08-16,73.0,2018-W33,0.9733333333333334,0.0,2.0,8.333333333333334,11.0,0,1,75.0,0
2018-08-17,73.0,2018-W33,0.9733333333333334,1.0,3.0,57.0,3.3333333333333335,1,1,75.0,0
2018-08-18,73.0,2018-W33,0.9733333333333334,0.0,0.0,8.333333333333334,14.0,0,0,75.0,0
2018-08-19,71.0,2018-W33,0.9466666666666667,2.0,2.0,0.0,18.0,1,1,75.0,0
2018-08-20,70.0,2018-W34,0.9333333333333333,0.0,0.0,8.333333333333334,14.0,0,0,75.0,0
2018-08-21,69.0,2018-W34,0.92,2.0,0.0,11.0,14.0,1,0,75.0,0
2018-08-22,65.0,2018-W34,0.8666666666666667,9.0,1.0,10.0,12.0,1,1,75.0,0
2018-08-23,65.0,2018-W34,0.8666666666666667,3.0,2.0,19.666666666666668,15.0,1,1,75.0,0
2018-08-24,67.0,2018-W34,0.8933333333333333,6.0,3.0,10.333333333333334,9.0,1,1,75.0,0
2018-08-25,68.0,2018-W34,0.9066666666666666,0.0,2.0,8.333333333333334,25.5,0,1,75.0,0
2018-08-26,67.0,2018-W34,0.8933333333333333,1.0,3.0,1.0,17.0,1,1,75.0,0
2018-08-27,67.0,2018-W35,0.8933333333333333,0.0,3.0,8.333333333333334,93.0,0,1,75.0,0
2018-08-28,67.0,2018-W35,0.8933333333333333,4.0,2.0,5.0,7.0,1,1,75.0,0
2018-08-29,68.0,2018-W35,0.9066666666666666,0.0,0.0,8.333333333333334,14.0,0,0,75.0,0
2018-08-30,68.0,2018-W35,0.9066666666666666,0.0,0.0,8.333333333333334,14.0,0,0,75.0,0
2018-08-31,63.0,2018-W35,0.84,2.0,0.0,1.0,14.0,1,0,75.0,0
2018-09-01,67.0,2018-W35,0.8933333333333333,2.0,4.0,0.0,18.5,1,1,75.0,0
2018-09-02,65.0,2018-W35,0.8666666666666667,0.0,2.0,8.333333333333334,5.0,0,1,75.0,0
2018-09-03,65.0,2018-W36,0.8584938056370024,3.0,1.0,8.333333333333334,110.0,1,1,75.714,0
2018-09-04,65.0,2018-W36,0.8584938056370024,0.0,4.0,8.333333333333334,7.0,0,1,75.714,0
2018-09-05,70.0,2018-W36,0.9245317906860026,1.0,1.0,2.0,2.0,1,1,75.714,0
2018-09-06,76.0,2018-W36,1.0037773727448027,0.0,0.0,8.333333333333334,14.0,0,0,75.714,0
2018-09-07,75.0,2018-W36,0.9905697757350028,1.0,1.0,23.0,7.0,1,1,75.714,0
2018-09-08,76.0,2018-W36,1.0037773727448027,2.0,1.0,2.0,104.0,1,1,75.714,0
2018-09-09,76.0,2018-W36,1.0037773727448027,0.0,0.0,8.333333333333334,14.0,0,0,75.714,0
2018-09-10,76.0,2018-W37,0.95,0.0,7.0,8.333333333333334,7.285714285714286,0,1,80.0,0
2018-09-11,76.0,2018-W37,0.95,3.0,2.0,0.0,12.0,1,1,80.0,0
2018-09-12,76.0,2018-W37,0.95,6.0,3.0,15.666666666666666,10.666666666666666,1,1,80.0,0
2018-09-13,76.0,2018-W37,0.95,1.0,1.0,9.0,100.0,1,1,80.0,0
2018-09-14,75.0,2018-W37,0.9375,1.0,1.0,0.0,14.0,1,1,80.0,0
2018-09-15,75.0,2018-W37,0.9375,2.0,1.0,5.0,6.0,1,1,80.0,0
2018-09-16,73.0,2018-W37,0.9125,1.0,2.0,6.0,25.5,1,1,80.0,0
2018-09-17,70.0,2018-W38,0.875,3.0,0.0,2.3333333333333335,14.0,1,0,80.0,0
2018-09-18,70.0,2018-W38,0.875,0.0,1.0,8.333333333333334,42.0,0,1,80.0,0
2018-09-19,71.0,2018-W38,0.8875,4.0,0.0,4.0,14.0,1,0,80.0,0
2018-09-20,73.0,2018-W38,0.9125,3.0,0.0,4.333333333333333,14.0,1,0,80.0,0
2018-09-21,73.0,2018-W38,0.9125,1.0,2.0,6.0,9.0,1,1,80.0,0
2018-09-22,74.0,2018-W38,0.925,2.0,1.0,4.5,69.0,1,1,80.0,0
2018-09-23,74.0,2018-W38,0.925,0.0,2.0,8.333333333333334,130.0,0,1,80.0,0
2018-09-24,75.0,2018-W39,0.9375,9.0,3.0,18.11111111111111,61.666666666666664,1,1,80.0,0
2018-09-25,75.0,2018-W39,0.9375,0.0,0.0,8.333333333333334,14.0,0,0,80.0,0
2018-09-26,76.0,2018-W39,0.95,1.0,1.0,0.0,29.0,1,1,80.0,0
2018-09-27,75.0,2018-W39,0.9375,0.0,1.0,8.333333333333334,0.0,0,1,80.0,0
2018-09-28,75.0,2018-W39,0.9375,0.0,1.0,8.333333333333334,32.0,0,1,80.0,0
2018-09-29,76.0,2018-W39,0.95,1.0,2.0,2.0,35.5,1,1,80.0,0
2018-09-30,76.0,2018-W39,0.95,0.0,0.0,8.333333333333334,14.0,0,0,80.0,0
2018-10-01,76.0,2018-W40,0.95,0.0,1.0,8.333333333333334,31.0,0,1,80.0,0
2018-10-02,76.0,2018-W40,0.95,0.0,0.0,8.333333333333334,14.0,0,0,80.0,0
2018-10-03,76.0,2018-W40,0.95,0.0,4.0,8.333333333333334,91.5,0,1,80.0,0
2018-10-04,76.0,2018-W40,0.95,1.0,0.0,4.0,14.0,1,0,80.0,0
2018-10-05,76.0,2018-W40,0.95,3.0,0.0,3.0,14.0,1,0,80.0,0
2018-10-06,75.0,2018-W40,0.9375,1.0,0.0,10.0,14.0,1,0,80.0,0
2018-10-07,74.0,2018-W40,0.925,0.0,0.0,8.333333333333334,14.0,0,0,80.0,0
2018-10-08,76.0,2018-W41,0.95,0.0,5.0,8.333333333333334,17.0,0,1,80.0,0
2018-10-09,74.0,2018-W41,0.925,0.0,0.0,8.333333333333334,14.0,0,0,80.0,0
2018-10-10,74.0,2018-W41,0.925,0.0,0.0,8.333333333333334,14.0,0,0,80.0,0
2018-10-11,74.0,2018-W41,0.925,5.0,0.0,19.4,14.0,1,0,80.0,0
2018-10-12,73.0,2018-W41,0.9125,0.0,0.0,8.333333333333334,14.0,0,0,80.0,0
2018-10-13,75.0,2018-W41,0.9375,2.0,1.0,1.0,14.0,1,1,80.0,0
2018-10-14,75.0,2018-W41,0.9375,0.0,6.0,8.333333333333334,6.833333333333333,0,1,80.0,0
2018-10-15,75.0,2018-W42,0.9051739744378869,0.0,2.0,8.333333333333334,4.0,0,1,82.857,0
2018-10-16,76.0,2018-W42,0.9172429607637255,1.0,2.0,6.0,17.0,1,1,82.857,0
2018-10-17,76.0,2018-W42,0.9172429607637255,0.0,0.0,8.333333333333334,14.0,0,0,82.857,0
2018-10-18,76.0,2018-W42,0.9172429607637255,6.0,1.0,6.666666666666667,9.0,1,1,82.857,0
2018-10-19,75.0,2018-W42,0.9051739744378869,1.0,0.0,2.0,14.0,1,0,82.857,0
2018-10-20,75.0,2018-W42,0.9051739744378869,2.0,0.0,3.5,14.0,1,0,82.857,0
2018-10-21,74.0,2018-W42,0.8931049881120485,2.0,0.0,5.0,14.0,1,0,82.857,0
2018-10-22,75.0,2018-W43,0.8823529411764706,0.0,0.0,8.333333333333334,14.0,0,0,85.0,0
2018-10-23,74.0,2018-W43,0.8705882352941177,2.0,1.0,31.0,7.0,1,1,85.0,0
2018-10-24,74.0,2018-W43,0.8705882352941177,2.0,0.0,14.0,14.0,1,0,85.0,0
2018-10-25,73.0,2018-W43,0.8588235294117647,0.0,2.0,8.333333333333334,14.0,0,1,85.0,0
2018-10-26,76.0,2018-W43,0.8941176470588236,4.0,4.0,1.0,10.5,1,1,85.0,0
2018-10-27,77.0,2018-W43,0.9058823529411765,2.0,1.0,37.0,7.0,1,1,85.0,0
2018-10-28,76.0,2018-W43,0.8941176470588236,0.0,0.0,8.333333333333334,14.0,0,0,85.0,0
2018-10-29,76.0,2018-W44,0.8941176470588236,0.0,4.0,8.333333333333334,-305.0,0,1,85.0,0
2018-10-30,72.0,2018-W44,0.8470588235294118,3.0,2.0,18.666666666666668,44.0,1,1,85.0,0
2018-10-31,71.0,2018-W44,0.8352941176470589,2.0,0.0,10.0,14.0,1,0,85.0,0
2018-11-01,70.0,2018-W44,0.8235294117647058,0.0,0.0,8.333333333333334,14.0,0,0,85.0,0
2018-11-02,70.0,2018-W44,0.8235294117647058,1.0,0.0,10.0,14.0,1,0,85.0,0
2018-11-03,70.0,2018-W44,0.8235294117647058,0.0,0.0,8.333333333333334,14.0,0,0,85.0,0
2018-11-04,70.0,2018-W44,0.8235294117647058,0.0,6.0,8.333333333333334,7.0,0,1,85.0,0
2018-11-05,70.0,2018-W45,0.8235294117647058,4.0,0.0,13.0,14.0,1,0,85.0,0
2018-11-06,70.0,2018-W45,0.8235294117647058,2.0,1.0,2.5,8.0,1,1,85.0,0
2018-11-07,71.0,2018-W45,0.8352941176470589,2.0,0.0,34.0,14.0,1,0,85.0,0
2018-11-08,72.0,2018-W45,0.8470588235294118,0.0,3.0,8.333333333333334,48.0,0,1,85.0,0
2018-11-09,73.0,2018-W45,0.8588235294117647,2.0,0.0,85.0,14.0,1,0,85.0,0
2018-11-10,72.0,2018-W45,0.8470588235294118,2.0,1.0,3.0,44.0,1,1,85.0,0
2018-11-11,71.0,2018-W45,0.8352941176470589,2.0,0.0,1.0,14.0,1,0,85.0,0
2018-11-12,72.0,2018-W46,0.8470588235294118,0.0,7.0,8.333333333333334,28.285714285714285,0,1,85.0,0
2018-11-13,73.0,2018-W46,0.8588235294117647,0.0,0.0,8.333333333333334,14.0,0,0,85.0,0
2018-11-14,72.0,2018-W46,0.8470588235294118,3.0,0.0,3.0,14.0,1,0,85.0,0
2018-11-15,73.0,2018-W46,0.8588235294117647,0.0,1.0,8.333333333333334,37.0,0,1,85.0,0
2018-11-16,73.0,2018-W46,0.8588235294117647,1.0,0.0,37.0,14.0,1,0,85.0,0
2018-11-17,73.0,2018-W46,0.8588235294117647,0.0,0.0,8.333333333333334,14.0,0,0,85.0,0
2018-11-18,75.0,2018-W46,0.8823529411764706,0.0,0.0,8.333333333333334,14.0,0,0,85.0,0
2018-11-19,75.0,2018-W47,0.8823529411764706,1.0,0.0,6.0,14.0,1,0,85.0,0
2018-11-20,75.0,2018-W47,0.8823529411764706,0.0,1.0,8.333333333333334,27.0,0,1,85.0,0
2018-11-21,75.0,2018-W47,0.8823529411764706,2.0,1.0,16.0,4.0,1,1,85.0,0
2018-11-22,75.0,2018-W47,0.8823529411764706,0.0,0.0,8.333333333333334,14.0,0,0,85.0,0
2018-11-23,77.0,2018-W47,0.9058823529411765,0.0,0.0,8.333333333333334,14.0,0,0,85.0,0
2018-11-24,77.0,2018-W47,0.9058823529411765,0.0,0.0,8.333333333333334,14.0,0,0,85.0,0
2018-11-25,77.0,2018-W47,0.9058823529411765,0.0,1.0,8.333333333333334,24.0,0,1,85.0,0
2018-11-26,78.0,2018-W48,0.9176470588235294,1.0,0.0,0.0,14.0,1,0,85.0,0
2018-11-27,78.0,2018-W48,0.9176470588235294,4.0,3.0,2.0,7.0,1,1,85.0,0
2018-11-28,78.0,2018-W48,0.9176470588235294,0.0,1.0,8.333333333333334,11.0,0,1,85.0,0
2018-11-29,80.0,2018-W48,0.9411764705882353,5.0,0.0,12.2,14.0,1,0,85.0,0
2018-11-30,76.0,2018-W48,0.8941176470588236,4.0,7.0,12.0,6.857142857142857,1,1,85.0,0
2018-12-01,77.0,2018-W48,0.9058823529411765,0.0,6.0,8.333333333333334,39.666666666666664,0,1,85.0,0
2018-12-02,74.0,2018-W48,0.8705882352941177,1.0,4.0,7.0,13.0,1,1,85.0,0
2018-12-03,75.0,2018-W49,0.8823529411764706,0.0,0.0,8.333333333333334,14.0,0,0,85.0,0
2018-12-04,75.0,2018-W49,0.8823529411764706,0.0,0.0,8.333333333333334,14.0,0,0,85.0,0
2018-12-05,75.0,2018-W49,0.8823529411764706,2.0,0.0,32.0,14.0,1,0,85.0,0
2018-12-06,75.0,2018-W49,0.8823529411764706,0.0,0.0,8.333333333333334,14.0,0,0,85.0,0
2018-12-07,76.0,2018-W49,0.8941176470588236,0.0,0.0,8.333333333333334,14.0,0,0,85.0,0
2018-12-08,75.0,2018-W49,0.8823529411764706,0.0,0.0,8.333333333333334,14.0,0,0,85.0,0
2018-12-09,76.0,2018-W49,0.8941176470588236,0.0,0.0,8.333333333333334,14.0,0,0,85.0,0
2018-12-10,75.0,2018-W50,0.9210477839590318,0.0,0.0,8.333333333333334,14.0,0,0,81.429,0
2018-12-11,73.0,2018-W50,0.8964865097201242,6.0,0.0,3.3333333333333335,14.0,1,0,81.429,0
2018-12-12,71.0,2018-W50,0.8719252354812167,0.0,0.0,8.333333333333334,14.0,0,0,81.429,0
2018-12-13,71.0,2018-W50,0.8719252354812167,0.0,0.0,8.333333333333334,14.0,0,0,81.429,0
2018-12-14,69.0,2018-W50,0.8473639612423093,4.0,0.0,29.5,14.0,1,0,81.429,0
2018-12-15,68.0,2018-W50,0.8350833241228555,0.0,0.0,8.333333333333334,14.0,0,0,81.429,0
2018-12-16,61.0,2018-W50,0.7491188642866792,0.0,0.0,8.333333333333334,14.0,0,0,81.429,0
2018-12-17,58.0,2018-W51,0.725,0.0,0.0,8.333333333333334,14.0,0,0,80.0,0
2018-12-18,58.0,2018-W51,0.725,1.0,0.0,18.0,14.0,1,0,80.0,0
2018-12-19,58.0,2018-W51,0.725,0.0,0.0,8.333333333333334,14.0,0,0,80.0,0
2018-12-20,57.0,2018-W51,0.7125,0.0,0.0,8.333333333333334,14.0,0,0,80.0,0
2018-12-21,56.0,2018-W51,0.7,3.0,0.0,33.333333333333336,14.0,1,0,80.0,0
2018-12-22,50.0,2018-W51,0.625,0.0,0.0,8.333333333333334,14.0,0,0,80.0,0
2018-12-23,50.0,2018-W51,0.625,4.0,2.0,9.5,12.0,1,1,80.0,0
2018-12-24,49.0,2018-W52,0.6125,2.0,0.0,16.0,14.0,1,0,80.0,0
2018-12-25,49.0,2018-W52,0.6125,0.0,0.0,8.333333333333334,14.0,0,0,80.0,0
2018-12-26,48.0,2018-W52,0.6,1.0,0.0,36.0,14.0,1,0,80.0,0
2018-12-27,47.0,2018-W52,0.5875,0.0,0.0,8.333333333333334,14.0,0,0,80.0,0
2018-12-28,47.0,2018-W52,0.5875,1.0,0.0,5.0,14.0,1,0,80.0,0
2018-12-29,47.0,2018-W52,0.5875,0.0,0.0,8.333333333333334,14.0,0,0,80.0,0
2018-12-30,46.0,2018-W52,0.575,0.0,3.0,8.333333333333334,13.0,0,1,80.0,0
2018-12-31,46.0,2019-W01,0.545760861827587,0.0,0.0,8.333333333333334,14.0,0,0,84.286,1
2019-01-01,47.0,2019-W01,0.5576252283890563,0.0,0.0,8.333333333333334,14.0,0,0,84.286,0
2019-01-02,48.0,2019-W01,0.5694895949505255,1.0,0.0,7.0,14.0,1,0,84.286,0
2019-01-03,48.0,2019-W01,0.5694895949505255,3.0,10.0,10.666666666666666,10.5,1,1,84.286,0
2019-01-04,47.0,2019-W01,0.5576252283890563,0.0,2.0,8.333333333333334,26.0,0,1,84.286,0
2019-01-05,49.0,2019-W01,0.5813539615119948,0.0,1.0,8.333333333333334,14.0,0,1,84.286,0
2019-01-06,51.0,2019-W01,0.6050826946349335,0.0,2.0,8.333333333333334,84.0,0,1,84.286,0
2019-01-07,51.0,2019-W02,0.6102595397925118,2.0,0.0,6.0,14.0,1,0,83.571,0
2019-01-08,52.0,2019-W02,0.6222254131217767,0.0,2.0,8.333333333333334,105.0,0,1,83.571,0
2019-01-09,55.0,2019-W02,0.6581230331095715,2.0,1.0,20.5,14.0,1,1,83.571,0
2019-01-10,57.0,2019-W02,0.6820547797681014,1.0,1.0,3.0,7.0,1,1,83.571,0
2019-01-11,58.0,2019-W02,0.6940206530973664,0.0,3.0,8.333333333333334,78.0,0,1,83.571,0
2019-01-12,59.0,2019-W02,0.7059865264266313,1.0,1.0,0.0,28.0,1,1,83.571,0
2019-01-13,60.0,2019-W02,0.7179523997558962,0.0,0.0,8.333333333333334,14.0,0,0,83.571,0
2019-01-14,60.0,2019-W03,0.75,3.0,2.0,14.333333333333334,7.0,1,1,80.0,0
2019-01-15,60.0,2019-W03,0.75,2.0,6.0,29.0,9.333333333333334,1,1,80.0,0
2019-01-16,61.0,2019-W03,0.7625,1.0,0.0,17.0,14.0,1,0,80.0,0
2019-01-17,60.0,2019-W03,0.75,2.0,1.0,1.0,21.0,1,1,80.0,0
2019-01-18,62.0,2019-W03,0.775,0.0,0.0,8.333333333333334,14.0,0,0,80.0,0
2019-01-19,60.0,2019-W03,0.75,0.0,0.0,8.333333333333334,14.0,0,0,80.0,0
2019-01-20,59.0,2019-W03,0.7375,0.0,0.0,8.333333333333334,14.0,0,0,80.0,0
2019-01-21,58.0,2019-W04,0.725,2.0,4.0,11.5,6.0,1,1,80.0,0
2019-01-22,57.0,2019-W04,0.7125,1.0,4.0,23.0,10.0,1,1,80.0,0
2019-01-23,56.0,2019-W04,0.7,1.0,0.0,10.0,14.0,1,0,80.0,0
2019-01-24,56.0,2019-W04,0.7,2.0,3.0,11.0,13.0,1,1,80.0,0
2019-01-25,56.0,2019-W04,0.7,2.0,0.0,13.0,14.0,1,0,80.0,0
2019-01-26,54.0,2019-W04,0.675,0.0,0.0,8.333333333333334,14.0,0,0,80.0,0
2019-01-27,54.0,2019-W04,0.675,0.0,2.0,8.333333333333334,15.0,0,1,80.0,0
2019-01-28,54.0,2019-W05,0.675,4.0,2.0,7.0,7.0,1,1,80.0,0
2019-01-29,55.0,2019-W05,0.6875,5.0,2.0,8.6,91.0,1,1,80.0,0
2019-01-30,53.0,2019-W05,0.6625,3.0,0.0,18.0,14.0,1,0,80.0,0
2019-01-31,54.0,2019-W05,0.675,1.0,1.0,14.0,28.0,1,1,80.0,0
2019-02-01,53.0,2019-W05,0.6625,0.0,0.0,8.333333333333334,14.0,0,0,80.0,0
2019-02-02,56.0,2019-W05,0.7,4.0,2.0,5.0,14.0,1,1,80.0,0
2019-02-03,57.0,2019-W05,0.7125,0.0,1.0,8.333333333333334,14.0,0,1,80.0,0
2019-02-04,60.0,2019-W06,0.75,0.0,4.0,8.333333333333334,9.5,0,1,80.0,0
2019-02-05,60.0,2019-W06,0.75,0.0,0.0,8.333333333333334,14.0,0,0,80.0,0
2019-02-06,59.0,2019-W06,0.7375,0.0,0.0,8.333333333333334,14.0,0,0,80.0,0
2019-02-07,61.0,2019-W06,0.7625,2.0,1.0,3.0,7.0,1,1,80.0,0
2019-02-08,61.0,2019-W06,0.7625,0.0,0.0,8.333333333333334,14.0,0,0,80.0,0
2019-02-09,60.0,2019-W06,0.75,0.0,0.0,8.333333333333334,14.0,0,0,80.0,0
2019-02-10,62.0,2019-W06,0.775,0.0,0.0,8.333333333333334,14.0,0,0,80.0,0
2019-02-11,61.0,2019-W07,0.7625,0.0,2.0,8.333333333333334,14.0,0,1,80.0,0
2019-02-12,61.0,2019-W07,0.7625,1.0,0.0,15.0,14.0,1,0,80.0,0
2019-02-13,64.0,2019-W07,0.8,3.0,0.0,3.6666666666666665,14.0,1,0,80.0,0
2019-02-14,65.0,2019-W07,0.8125,1.0,4.0,59.0,24.0,1,1,80.0,0
2019-02-15,66.0,2019-W07,0.825,0.0,0.0,8.333333333333334,14.0,0,0,80.0,0
2019-02-16,66.0,2019-W07,0.825,2.0,3.0,0.0,21.666666666666668,1,1,80.0,0
2019-02-17,66.0,2019-W07,0.825,0.0,0.0,8.333333333333334,14.0,0,0,80.0,0
2019-02-18,66.0,2019-W08,0.825,0.0,0.0,8.333333333333334,14.0,0,0,80.0,0
2019-02-19,66.0,2019-W08,0.825,1.0,0.0,8.0,14.0,1,0,80.0,0
2019-02-20,65.0,2019-W08,0.8125,0.0,0.0,8.333333333333334,14.0,0,0,80.0,0
2019-02-21,65.0,2019-W08,0.8125,4.0,1.0,3.0,38.0,1,1,80.0,0
2019-02-22,66.0,2019-W08,0.825,0.0,2.0,8.333333333333334,8.0,0,1,80.0,0
2019-02-23,65.0,2019-W08,0.8125,1.0,3.0,1.0,85.0,1,1,80.0,0
2019-02-24,69.0,2019-W08,0.8625,1.0,4.0,19.0,27.0,1,1,80.0,0
2019-02-25,67.0,2019-W09,0.8375,1.0,0.0,6.0,14.0,1,0,80.0,0
2019-02-26,67.0,2019-W09,0.8375,0.0,0.0,8.333333333333334,14.0,0,0,80.0,0
2019-02-27,68.0,2019-W09,0.85,0.0,1.0,8.333333333333334,44.0,0,1,80.0,0
2019-02-28,66.0,2019-W09,0.825,0.0,1.0,8.333333333333334,3.0,0,1,80.0,0
2019-03-01,65.0,2019-W09,0.8125,0.0,2.0,8.333333333333334,31.0,0,1,80.0,0
2019-03-02,64.0,2019-W09,0.8,0.0,0.0,8.333333333333334,14.0,0,0,80.0,0
2019-03-03,64.0,2019-W09,0.8,2.0,0.0,1.0,14.0,1,0,80.0,0
2019-03-04,66.0,2019-W10,0.825,0.0,1.0,8.333333333333334,29.0,0,1,80.0,0
2019-03-05,66.0,2019-W10,0.825,0.0,0.0,8.333333333333334,14.0,0,0,80.0,0
2019-03-06,66.0,2019-W10,0.825,3.0,0.0,6.666666666666667,14.0,1,0,80.0,0
2019-03-07,66.0,2019-W10,0.825,1.0,2.0,1.0,3.0,1,1,80.0,0
2019-03-08,69.0,2019-W10,0.8625,1.0,1.0,0.0,4.0,1,1,80.0,0
2019-03-09,69.0,2019-W10,0.8625,0.0,0.0,8.333333333333334,14.0,0,0,80.0,0
2019-03-10,67.0,2019-W10,0.8375,0.0,5.0,8.333333333333334,23.0,0,1,80.0,0
2019-03-11,67.0,2019-W11,0.8375,1.0,0.0,5.0,14.0,1,0,80.0,0
2019-03-12,67.0,2019-W11,0.8375,3.0,2.0,7.0,9.0,1,1,80.0,0
2019-03-13,67.0,2019-W11,0.8375,0.0,1.0,8.333333333333334,10.0,0,1,80.0,0
2019-03-14,67.0,2019-W11,0.8375,0.0,0.0,8.333333333333334,14.0,0,0,80.0,0
2019-03-15,68.0,2019-W11,0.85,0.0,6.0,8.333333333333334,14.166666666666666,0,1,80.0,0
2019-03-16,69.0,2019-W11,0.8625,0.0,2.0,8.333333333333334,76.0,0,1,80.0,0
2019-03-17,69.0,2019-W11,0.8625,0.0,0.0,8.333333333333334,14.0,0,0,80.0,0
2019-03-18,69.0,2019-W12,0.8625,3.0,1.0,20.333333333333332,4.0,1,1,80.0,0
2019-03-19,70.0,2019-W12,0.875,0.0,1.0,8.333333333333334,33.0,0,1,80.0,0
2019-03-20,71.0,2019-W12,0.8875,6.0,0.0,0.8333333333333334,14.0,1,0,80.0,0
2019-03-21,73.0,2019-W12,0.9125,1.0,0.0,9.0,14.0,1,0,80.0,0
2019-03-22,72.0,2019-W12,0.9,2.0,2.0,15.0,11.0,1,1,80.0,0
2019-03-23,68.0,2019-W12,0.85,0.0,0.0,8.333333333333334,14.0,0,0,80.0,0
2019-03-24,68.0,2019-W12,0.85,0.0,0.0,8.333333333333334,14.0,0,0,80.0,0
2019-03-25,68.0,2019-W13,0.85,0.0,1.0,8.333333333333334,3.0,0,1,80.0,0
2019-03-26,68.0,2019-W13,0.85,2.0,1.0,58.0,18.0,1,1,80.0,0
2019-03-27,67.0,2019-W13,0.8375,2.0,0.0,10.5,14.0,1,0,80.0,0
2019-03-28,66.0,2019-W13,0.825,2.0,0.0,2.0,14.0,1,0,80.0,0
2019-03-29,66.0,2019-W13,0.825,2.0,0.0,3.0,14.0,1,0,80.0,0
2019-03-30,67.0,2019-W13,0.8375,1.0,2.0,1.0,153.0,1,1,80.0,0
2019-03-31,69.0,2019-W13,0.8625,3.0,1.0,0.0,13.0,1,1,80.0,0
2019-04-01,71.0,2019-W14,0.9466666666666667,0.0,3.0,8.333333333333334,29.0,0,1,75.0,0
2019-04-02,67.0,2019-W14,0.8933333333333333,2.0,0.0,9.0,14.0,1,0,75.0,0
2019-04-03,69.0,2019-W14,0.92,3.0,3.0,8.333333333333334,20.333333333333332,1,1,75.0,0
2019-04-04,69.0,2019-W14,0.92,2.0,0.0,8.5,14.0,1,0,75.0,0
2019-04-05,70.0,2019-W14,0.9333333333333333,0.0,0.0,8.333333333333334,14.0,0,0,75.0,0
2019-04-06,71.0,2019-W14,0.9466666666666667,0.0,2.0,8.333333333333334,15.0,0,1,75.0,0
2019-04-07,72.0,2019-W14,0.96,0.0,1.0,8.333333333333334,90.0,0,1,75.0,0
2019-04-08,73.0,2019-W15,0.9733333333333334,1.0,0.0,2.0,14.0,1,0,75.0,0
2019-04-09,73.0,2019-W15,0.9733333333333334,0.0,0.0,8.333333333333334,14.0,0,0,75.0,0
2019-04-10,73.0,2019-W15,0.9733333333333334,1.0,2.0,4.0,0.0,1,1,75.0,0
2019-04-11,73.0,2019-W15,0.9733333333333334,0.0,0.0,8.333333333333334,14.0,0,0,75.0,0
2019-04-12,73.0,2019-W15,0.9733333333333334,0.0,3.0,8.333333333333334,32.333333333333336,0,1,75.0,0
2019-04-13,72.0,2019-W15,0.96,0.0,5.0,8.333333333333334,10.8,0,1,75.0,0
2019-04-14,74.0,2019-W15,0.9866666666666667,2.0,2.0,7.0,30.0,1,1,75.0,0
2019-04-15,73.0,2019-W16,0.9733333333333334,0.0,0.0,8.333333333333334,14.0,0,0,75.0,0
2019-04-16,73.0,2019-W16,0.9733333333333334,2.0,0.0,1.0,14.0,1,0,75.0,0
2019-04-17,73.0,2019-W16,0.9733333333333334,0.0,1.0,8.333333333333334,1.0,0,1,75.0,0
2019-04-18,71.0,2019-W16,0.9466666666666667,0.0,2.0,8.333333333333334,16.0,0,1,75.0,0
2019-04-19,71.0,2019-W16,0.9466666666666667,0.0,1.0,8.333333333333334,10.0,0,1,75.0,0
2019-04-20,71.0,2019-W16,0.9466666666666667,1.0,1.0,6.0,32.0,1,1,75.0,0
2019-04-21,70.0,2019-W16,0.9333333333333333,0.0,0.0,8.333333333333334,14.0,0,0,75.0,0
2019-04-22,70.0,2019-W17,0.9333333333333333,2.0,0.0,17.0,14.0,1,0,75.0,0
2019-04-23,69.0,2019-W17,0.92,0.0,0.0,8.333333333333334,14.0,0,0,75.0,0
2019-04-24,70.0,2019-W17,0.9333333333333333,0.0,0.0,8.333333333333334,14.0,0,0,75.0,0
2019-04-25,69.0,2019-W17,0.92,0.0,0.0,8.333333333333334,14.0,0,0,75.0,0
2019-04-26,70.0,2019-W17,0.9333333333333333,0.0,1.0,8.333333333333334,2.0,0,1,75.0,0
2019-04-27,69.0,2019-W17,0.92,1.0,1.0,1.0,30.0,1,1,75.0,0
2019-04-28,69.0,2019-W17,0.92,0.0,0.0,8.333333333333334,14.0,0,0,75.0,0
2019-04-29,68.0,2019-W18,0.9616200469496846,0.0,0.0,8.333333333333334,14.0,0,0,70.714,0
2019-04-30,64.0,2019-W18,0.9050541618349973,0.0,0.0,8.333333333333334,14.0,0,0,70.714,0
2019-05-01,65.0,2019-W18,0.9191956331136691,1.0,3.0,2.0,11.0,1,1,70.714,0
2019-05-02,64.0,2019-W18,0.9050541618349973,0.0,0.0,8.333333333333334,14.0,0,0,70.714,0
2019-05-03,64.0,2019-W18,0.9050541618349973,0.0,0.0,8.333333333333334,14.0,0,0,70.714,0
2019-05-04,62.0,2019-W18,0.8767712192776537,0.0,0.0,8.333333333333334,14.0,0,0,70.714,0
2019-05-05,62.0,2019-W18,0.8767712192776537,0.0,0.0,8.333333333333334,14.0,0,0,70.714,0
2019-05-06,62.0,2019-W19,0.8985507246376812,0.0,5.0,8.333333333333334,27.2,0,1,69.0,0
2019-05-07,61.0,2019-W19,0.8840579710144928,0.0,0.0,8.333333333333334,14.0,0,0,69.0,0
2019-05-08,61.0,2019-W19,0.8840579710144928,2.0,0.0,2.0,14.0,1,0,69.0,0
2019-05-09,62.0,2019-W19,0.8985507246376812,5.0,1.0,22.0,25.0,1,1,69.0,0
2019-05-10,64.0,2019-W19,0.927536231884058,3.0,0.0,18.666666666666668,14.0,1,0,69.0,0
2019-05-11,63.0,2019-W19,0.9130434782608695,2.0,0.0,8.0,14.0,1,0,69.0,0
2019-05-12,64.0,2019-W19,0.927536231884058,1.0,1.0,0.0,14.0,1,1,69.0,0
2019-05-13,64.0,2019-W20,0.927536231884058,2.0,2.0,9.0,7.0,1,1,69.0,0
2019-05-14,62.0,2019-W20,0.8985507246376812,0.0,0.0,8.333333333333334,14.0,0,0,69.0,0
2019-05-15,62.0,2019-W20,0.8985507246376812,0.0,1.0,8.333333333333334,41.0,0,1,69.0,0
2019-05-16,60.0,2019-W20,0.8695652173913043,0.0,5.0,8.333333333333334,14.6,0,1,69.0,0
2019-05-17,60.0,2019-W20,0.8695652173913043,0.0,0.0,8.333333333333334,14.0,0,0,69.0,0
2019-05-18,60.0,2019-W20,0.8695652173913043,0.0,0.0,8.333333333333334,14.0,0,0,69.0,0
2019-05-19,60.0,2019-W20,0.8695652173913043,0.0,1.0,8.333333333333334,11.0,0,1,69.0,0
2019-05-20,59.0,2019-W21,0.855072463768116,6.0,2.0,47.0,14.0,1,1,69.0,0
2019-05-21,59.0,2019-W21,0.855072463768116,0.0,1.0,8.333333333333334,1.0,0,1,69.0,0
2019-05-22,59.0,2019-W21,0.855072463768116,0.0,0.0,8.333333333333334,14.0,0,0,69.0,0
2019-05-23,59.0,2019-W21,0.855072463768116,0.0,3.0,8.333333333333334,8.666666666666666,0,1,69.0,0
2019-05-24,60.0,2019-W21,0.8695652173913043,0.0,0.0,8.333333333333334,14.0,0,0,69.0,0
2019-05-25,60.0,2019-W21,0.8695652173913043,0.0,1.0,8.333333333333334,7.0,0,1,69.0,0
2019-05-26,63.0,2019-W21,0.9130434782608695,4.0,0.0,0.0,14.0,1,0,69.0,0
2019-05-27,62.0,2019-W22,0.8985507246376812,0.0,0.0,8.333333333333334,14.0,0,0,69.0,0
2019-05-28,62.0,2019-W22,0.8985507246376812,0.0,0.0,8.333333333333334,14.0,0,0,69.0,0
2019-05-29,62.0,2019-W22,0.8985507246376812,0.0,0.0,8.333333333333334,14.0,0,0,69.0,0
2019-05-30,59.0,2019-W22,0.855072463768116,0.0,1.0,8.333333333333334,26.0,0,1,69.0,0
2019-05-31,62.0,2019-W22,0.8985507246376812,15.0,0.0,2.8666666666666667,14.0,1,0,69.0,0
2019-06-01,59.0,2019-W22,0.855072463768116,0.0,0.0,8.333333333333334,14.0,0,0,69.0,0
2019-06-02,60.0,2019-W22,0.8695652173913043,0.0,2.0,8.333333333333334,63.0,0,1,69.0,0
2019-06-03,62.0,2019-W23,0.8985507246376812,0.0,4.0,8.333333333333334,5.0,0,1,69.0,0
2019-06-04,60.0,2019-W23,0.8695652173913043,0.0,0.0,8.333333333333334,14.0,0,0,69.0,0
2019-06-05,59.0,2019-W23,0.855072463768116,0.0,1.0,8.333333333333334,7.0,0,1,69.0,0
2019-06-06,58.0,2019-W23,0.8405797101449275,1.0,4.0,54.0,7.75,1,1,69.0,0
2019-06-07,60.0,2019-W23,0.8695652173913043,2.0,4.0,6.5,28.0,1,1,69.0,0
2019-06-08,60.0,2019-W23,0.8695652173913043,0.0,0.0,8.333333333333334,14.0,0,0,69.0,0
2019-06-09,60.0,2019-W23,0.8695652173913043,1.0,0.0,46.0,14.0,1,0,69.0,0
2019-06-10,59.0,2019-W24,0.855072463768116,2.0,3.0,15.0,9.0,1,1,69.0,0
2019-06-11,59.0,2019-W24,0.855072463768116,0.0,4.0,8.333333333333334,7.0,0,1,69.0,0
2019-06-12,59.0,2019-W24,0.855072463768116,0.0,2.0,8.333333333333334,7.0,0,1,69.0,0
2019-06-13,60.0,2019-W24,0.8695652173913043,1.0,0.0,23.0,14.0,1,0,69.0,0
2019-06-14,59.0,2019-W24,0.855072463768116,0.0,0.0,8.333333333333334,14.0,0,0,69.0,0
2019-06-15,59.0,2019-W24,0.855072463768116,0.0,0.0,8.333333333333334,14.0,0,0,69.0,0
2019-06-16,58.0,2019-W24,0.8405797101449275,0.0,0.0,8.333333333333334,14.0,0,0,69.0,0
2019-06-17,58.0,2019-W25,0.8405797101449275,0.0,0.0,8.333333333333334,14.0,0,0,69.0,0
2019-06-18,57.0,2019-W25,0.8260869565217391,1.0,0.0,75.0,14.0,1,0,69.0,0
2019-06-19,55.0,2019-W25,0.7971014492753623,0.0,0.0,8.333333333333334,14.0,0,0,69.0,0
2019-06-20,56.0,2019-W25,0.8115942028985508,3.0,1.0,3.3333333333333335,7.0,1,1,69.0,0
2019-06-21,56.0,2019-W25,0.8115942028985508,0.0,1.0,8.333333333333334,8.0,0,1,69.0,0
2019-06-22,56.0,2019-W25,0.8115942028985508,0.0,0.0,8.333333333333334,14.0,0,0,69.0,0
2019-06-23,56.0,2019-W25,0.8115942028985508,0.0,0.0,8.333333333333334,14.0,0,0,69.0,0
2019-06-24,56.0,2019-W26,0.8115942028985508,0.0,3.0,8.333333333333334,7.666666666666667,0,1,69.0,0
2019-06-25,55.0,2019-W26,0.7971014492753623,3.0,4.0,28.666666666666668,9.0,1,1,69.0,0
2019-06-26,55.0,2019-W26,0.7971014492753623,0.0,0.0,8.333333333333334,14.0,0,0,69.0,0
2019-06-27,54.0,2019-W26,0.782608695652174,2.0,0.0,65.0,14.0,1,0,69.0,0
2019-06-28,54.0,2019-W26,0.782608695652174,2.0,0.0,1.0,14.0,1,0,69.0,0
2019-06-29,54.0,2019-W26,0.782608695652174,0.0,0.0,8.333333333333334,14.0,0,0,69.0,0
2019-06-30,53.0,2019-W26,0.7681159420289855,0.0,1.0,8.333333333333334,29.0,0,1,69.0,0
2019-07-01,53.0,2019-W27,0.7681159420289855,2.0,2.0,4.0,5.0,1,1,69.0,0
2019-07-02,52.0,2019-W27,0.7536231884057971,0.0,2.0,8.333333333333334,0.0,0,1,69.0,0
2019-07-03,50.0,2019-W27,0.7246376811594203,2.0,0.0,2.0,14.0,1,0,69.0,0
2019-07-04,48.0,2019-W27,0.6956521739130435,0.0,3.0,8.333333333333334,9.0,0,1,69.0,0
2019-07-05,51.0,2019-W27,0.7391304347826086,1.0,4.0,3.0,19.0,1,1,69.0,0
2019-07-06,49.0,2019-W27,0.7101449275362319,0.0,0.0,8.333333333333334,14.0,0,0,69.0,0
2019-07-07,50.0,2019-W27,0.7246376811594203,0.0,2.0,8.333333333333334,45.5,0,1,69.0,0
2019-07-08,51.0,2019-W28,0.7391304347826086,0.0,0.0,8.333333333333334,14.0,0,0,69.0,0
2019-07-09,52.0,2019-W28,0.7536231884057971,4.0,2.0,3.75,17.0,1,1,69.0,0
2019-07-10,52.0,2019-W28,0.7536231884057971,1.0,0.0,2.0,14.0,1,0,69.0,0
2019-07-11,52.0,2019-W28,0.7536231884057971,0.0,3.0,8.333333333333334,7.0,0,1,69.0,0
2019-07-12,51.0,2019-W28,0.7391304347826086,3.0,0.0,45.0,14.0,1,0,69.0,0
2019-07-13,50.0,2019-W28,0.7246376811594203,0.0,1.0,8.333333333333334,2.0,0,1,69.0,0
2019-07-14,52.0,2019-W28,0.7536231884057971,0.0,0.0,8.333333333333334,14.0,0,0,69.0,0
2019-07-15,51.0,2019-W29,0.7391304347826086,0.0,0.0,8.333333333333334,14.0,0,0,69.0,0
2019-07-16,51.0,2019-W29,0.7391304347826086,0.0,3.0,8.333333333333334,11.666666666666666,0,1,69.0,0
2019-07-17,51.0,2019-W29,0.7391304347826086,3.0,2.0,10.0,14.0,1,1,69.0,0
2019-07-18,50.0,2019-W29,0.7246376811594203,0.0,0.0,8.333333333333334,14.0,0,0,69.0,0
2019-07-19,50.0,2019-W29,0.7246376811594203,3.0,0.0,27.666666666666668,14.0,1,0,69.0,0
2019-07-20,50.0,2019-W29,0.7246376811594203,0.0,0.0,8.333333333333334,14.0,0,0,69.0,0
2019-07-21,50.0,2019-W29,0.7246376811594203,0.0,0.0,8.333333333333334,14.0,0,0,69.0,0
2019-07-22,50.0,2019-W30,0.7246376811594203,3.0,2.0,12.0,28.0,1,1,69.0,0
2019-07-23,49.0,2019-W30,0.7101449275362319,0.0,0.0,8.333333333333334,14.0,0,0,69.0,0
2019-07-24,49.0,2019-W30,0.7101449275362319,1.0,0.0,13.0,14.0,1,0,69.0,0
2019-07-25,50.0,2019-W30,0.7246376811594203,2.0,1.0,0.0,9.0,1,1,69.0,0
2019-07-26,49.0,2019-W30,0.7101449275362319,0.0,0.0,8.333333333333334,14.0,0,0,69.0,0
2019-07-27,50.0,2019-W30,0.7246376811594203,1.0,2.0,5.0,19.0,1,1,69.0,0
2019-07-28,50.0,2019-W30,0.7246376811594203,0.0,0.0,8.333333333333334,14.0,0,0,69.0,0
2019-07-29,50.0,2019-W31,0.7246376811594203,1.0,0.0,5.0,14.0,1,0,69.0,0
2019-07-30,51.0,2019-W31,0.7391304347826086,4.0,0.0,5.0,14.0,1,0,69.0,0
2019-07-31,51.0,2019-W31,0.7391304347826086,3.0,1.0,3.0,10.0,1,1,69.0,0
2019-08-01,54.0,2019-W31,0.782608695652174,2.0,1.0,0.0,95.0,1,1,69.0,0
2019-08-02,54.0,2019-W31,0.782608695652174,1.0,0.0,2.0,14.0,1,0,69.0,0
2019-08-03,56.0,2019-W31,0.8115942028985508,1.0,3.0,28.0,60.0,1,1,69.0,0
2019-08-04,58.0,2019-W31,0.8405797101449275,1.0,0.0,16.0,14.0,1,0,69.0,0
2019-08-05,59.0,2019-W32,0.8480545054692329,1.0,2.0,5.0,19.0,1,1,69.571,0
2019-08-06,58.0,2019-W32,0.8336807002917883,0.0,4.0,8.333333333333334,14.0,0,1,69.571,0
2019-08-07,58.0,2019-W32,0.8336807002917883,0.0,2.0,8.333333333333334,9.0,0,1,69.571,0
2019-08-08,58.0,2019-W32,0.8336807002917883,9.0,0.0,9.555555555555555,14.0,1,0,69.571,0
2019-08-09,59.0,2019-W32,0.8480545054692329,1.0,3.0,22.0,63.666666666666664,1,1,69.571,0
2019-08-10,59.0,2019-W32,0.8480545054692329,0.0,1.0,8.333333333333334,17.0,0,1,69.571,0
2019-08-11,58.0,2019-W32,0.8336807002917883,0.0,0.0,8.333333333333334,14.0,0,0,69.571,0
2019-08-12,58.0,2019-W33,0.7945205479452054,4.0,0.0,18.0,14.0,1,0,73.0,0
2019-08-13,58.0,2019-W33,0.7945205479452054,3.0,0.0,25.333333333333332,14.0,1,0,73.0,0
2019-08-14,59.0,2019-W33,0.8082191780821918,5.0,0.0,15.2,14.0,1,0,73.0,0
2019-08-15,63.0,2019-W33,0.863013698630137,3.0,7.0,15.666666666666666,41.0,1,1,73.0,0
2019-08-16,63.0,2019-W33,0.863013698630137,3.0,0.0,0.0,14.0,1,0,73.0,0
2019-08-17,63.0,2019-W33,0.863013698630137,0.0,0.0,8.333333333333334,14.0,0,0,73.0,0
2019-08-18,64.0,2019-W33,0.8767123287671232,0.0,0.0,8.333333333333334,14.0,0,0,73.0,0
2019-08-19,61.0,2019-W34,0.8356164383561644,0.0,2.0,8.333333333333334,7.0,0,1,73.0,0
2019-08-20,60.0,2019-W34,0.821917808219178,0.0,1.0,8.333333333333334,15.0,0,1,73.0,0
2019-08-21,61.0,2019-W34,0.8356164383561644,1.0,0.0,0.0,14.0,1,0,73.0,0
2019-08-22,61.0,2019-W34,0.8356164383561644,2.0,0.0,8.0,14.0,1,0,73.0,0
2019-08-23,60.0,2019-W34,0.821917808219178,0.0,5.0,8.333333333333334,10.2,0,1,73.0,0
2019-08-24,60.0,2019-W34,0.821917808219178,0.0,0.0,8.333333333333334,14.0,0,0,73.0,0
2019-08-25,60.0,2019-W34,0.821917808219178,0.0,0.0,8.333333333333334,14.0,0,0,73.0,0
2019-08-26,62.0,2019-W35,0.8493150684931506,3.0,1.0,5.333333333333333,5.0,1,1,73.0,0
2019-08-27,63.0,2019-W35,0.863013698630137,2.0,4.0,5.0,57.75,1,1,73.0,0
2019-08-28,64.0,2019-W35,0.8767123287671232,2.0,2.0,6.5,32.0,1,1,73.0,0
2019-08-29,64.0,2019-W35,0.8767123287671232,1.0,0.0,2.0,14.0,1,0,73.0,0
2019-08-30,64.0,2019-W35,0.8767123287671232,0.0,0.0,8.333333333333334,14.0,0,0,73.0,0
2019-08-31,68.0,2019-W35,0.9315068493150684,0.0,4.0,8.333333333333334,46.0,0,1,73.0,0
2019-09-01,71.0,2019-W35,0.9726027397260274,1.0,3.0,0.0,78.0,1,1,73.0,0
2019-09-02,71.0,2019-W36,0.9726027397260274,0.0,0.0,8.333333333333334,14.0,0,0,73.0,0
2019-09-03,71.0,2019-W36,0.9726027397260274,1.0,0.0,1.0,14.0,1,0,73.0,0
2019-09-04,70.0,2019-W36,0.958904109589041,1.0,0.0,0.0,14.0,1,0,73.0,0
2019-09-05,70.0,2019-W36,0.958904109589041,0.0,0.0,8.333333333333334,14.0,0,0,73.0,0
2019-09-06,70.0,2019-W36,0.958904109589041,0.0,0.0,8.333333333333334,14.0,0,0,73.0,0
2019-09-07,72.0,2019-W36,0.9863013698630136,4.0,2.0,18.5,14.0,1,1,73.0,0
2019-09-08,71.0,2019-W36,0.9726027397260274,0.0,0.0,8.333333333333334,14.0,0,0,73.0,0
2019-09-09,71.0,2019-W37,0.9726027397260274,0.0,0.0,8.333333333333334,14.0,0,0,73.0,0
2019-09-10,71.0,2019-W37,0.9726027397260274,0.0,0.0,8.333333333333334,14.0,0,0,73.0,0
2019-09-11,71.0,2019-W37,0.9726027397260274,0.0,0.0,8.333333333333334,14.0,0,0,73.0,0
2019-09-12,71.0,2019-W37,0.9726027397260274,0.0,0.0,8.333333333333334,14.0,0,0,73.0,0
2019-09-13,72.0,2019-W37,0.9863013698630136,2.0,0.0,3.0,14.0,1,0,73.0,0
2019-09-14,72.0,2019-W37,0.9863013698630136,0.0,0.0,8.333333333333334,14.0,0,0,73.0,0
2019-09-15,72.0,2019-W37,0.9863013698630136,0.0,1.0,8.333333333333334,7.0,0,1,73.0,0
2019-09-16,72.0,2019-W38,0.9863013698630136,0.0,4.0,8.333333333333334,13.0,0,1,73.0,0
2019-09-17,72.0,2019-W38,0.9863013698630136,0.0,0.0,8.333333333333334,14.0,0,0,73.0,0
2019-09-18,72.0,2019-W38,0.9863013698630136,0.0,0.0,8.333333333333334,14.0,0,0,73.0,0
2019-09-19,72.0,2019-W38,0.9863013698630136,0.0,0.0,8.333333333333334,14.0,0,0,73.0,0
2019-09-20,72.0,2019-W38,0.9863013698630136,2.0,0.0,8.0,14.0,1,0,73.0,0
2019-09-21,72.0,2019-W38,0.9863013698630136,0.0,0.0,8.333333333333334,14.0,0,0,73.0,0
2019-09-22,69.0,2019-W38,0.9452054794520548,0.0,0.0,8.333333333333334,14.0,0,0,73.0,0
2019-09-23,69.0,2019-W39,0.9452054794520548,0.0,0.0,8.333333333333334,14.0,0,0,73.0,0
2019-09-24,69.0,2019-W39,0.9452054794520548,0.0,0.0,8.333333333333334,14.0,0,0,73.0,0
2019-09-25,68.0,2019-W39,0.9315068493150684,0.0,1.0,8.333333333333334,7.0,0,1,73.0,0
2019-09-26,68.0,2019-W39,0.9315068493150684,2.0,0.0,26.5,14.0,1,0,73.0,0
2019-09-27,68.0,2019-W39,0.9315068493150684,1.0,1.0,2.0,143.0,1,1,73.0,0
2019-09-28,69.0,2019-W39,0.9452054794520548,1.0,0.0,5.0,14.0,1,0,73.0,0
2019-09-29,69.0,2019-W39,0.9452054794520548,0.0,8.0,8.333333333333334,12.25,0,1,73.0,0
2019-09-30,71.0,2019-W40,0.9726027397260274,0.0,2.0,8.333333333333334,13.5,0,1,73.0,0
2019-10-01,71.0,2019-W40,0.9726027397260274,0.0,1.0,8.333333333333334,20.0,0,1,73.0,0
2019-10-02,69.0,2019-W40,0.9452054794520548,0.0,0.0,8.333333333333334,14.0,0,0,73.0,0
2019-10-03,70.0,2019-W40,0.958904109589041,0.0,1.0,8.333333333333334,179.0,0,1,73.0,0
2019-10-04,70.0,2019-W40,0.958904109589041,0.0,4.0,8.333333333333334,6.75,0,1,73.0,0
2019-10-05,71.0,2019-W40,0.9726027397260274,0.0,1.0,8.333333333333334,21.0,0,1,73.0,0
2019-10-06,70.0,2019-W40,0.958904109589041,0.0,1.0,8.333333333333334,8.0,0,1,73.0,0
2019-10-07,67.0,2019-W41,0.9178082191780822,2.0,8.0,19.0,7.0,1,1,73.0,0
2019-10-08,68.0,2019-W41,0.9315068493150684,1.0,2.0,0.0,50.0,1,1,73.0,0
2019-10-09,68.0,2019-W41,0.9315068493150684,1.0,0.0,5.0,14.0,1,0,73.0,0
2019-10-10,68.0,2019-W41,0.9315068493150684,0.0,0.0,8.333333333333334,14.0,0,0,73.0,0
2019-10-11,66.0,2019-W41,0.9041095890410958,1.0,0.0,3.0,14.0,1,0,73.0,0
2019-10-12,65.0,2019-W41,0.8904109589041096,0.0,0.0,8.333333333333334,14.0,0,0,73.0,0
2019-10-13,65.0,2019-W41,0.8904109589041096,0.0,6.0,8.333333333333334,29.166666666666668,0,1,73.0,0
2019-10-14,64.0,2019-W42,0.8767123287671232,0.0,2.0,8.333333333333334,11.0,0,1,73.0,0
2019-10-15,64.0,2019-W42,0.8767123287671232,2.0,1.0,14.5,7.0,1,1,73.0,0
2019-10-16,65.0,2019-W42,0.8904109589041096,1.0,3.0,0.0,16.333333333333332,1,1,73.0,0
2019-10-17,65.0,2019-W42,0.8904109589041096,1.0,0.0,12.0,14.0,1,0,73.0,0
2019-10-18,64.0,2019-W42,0.8767123287671232,2.0,1.0,15.0,8.0,1,1,73.0,0
2019-10-19,64.0,2019-W42,0.8767123287671232,1.0,0.0,8.0,14.0,1,0,73.0,0
2019-10-20,64.0,2019-W42,0.8767123287671232,0.0,0.0,8.333333333333334,14.0,0,0,73.0,0
2019-10-21,63.0,2019-W43,0.863013698630137,2.0,0.0,17.0,14.0,1,0,73.0,0
2019-10-22,62.0,2019-W43,0.8493150684931506,0.0,1.0,8.333333333333334,6.0,0,1,73.0,0
2019-10-23,62.0,2019-W43,0.8493150684931506,1.0,1.0,9.0,4.0,1,1,73.0,0
2019-10-24,61.0,2019-W43,0.8356164383561644,2.0,0.0,3.0,14.0,1,0,73.0,0
2019-10-25,61.0,2019-W43,0.8356164383561644,3.0,6.0,15.333333333333334,7.5,1,1,73.0,0
2019-10-26,62.0,2019-W43,0.8493150684931506,4.0,5.0,2.0,5.8,1,1,73.0,0
2019-10-27,62.0,2019-W43,0.8493150684931506,0.0,1.0,8.333333333333334,51.0,0,1,73.0,0
2019-10-28,63.0,2019-W44,0.863013698630137,0.0,1.0,8.333333333333334,15.0,0,1,73.0,0
2019-10-29,63.0,2019-W44,0.863013698630137,3.0,1.0,14.333333333333334,32.0,1,1,73.0,0
2019-10-30,64.0,2019-W44,0.8767123287671232,2.0,0.0,1.5,14.0,1,0,73.0,0
2019-10-31,64.0,2019-W44,0.8767123287671232,1.0,5.0,10.0,10.4,1,1,73.0,0
2019-11-01,61.0,2019-W44,0.8356164383561644,0.0,1.0,8.333333333333334,20.0,0,1,73.0,0
2019-11-02,62.0,2019-W44,0.8493150684931506,0.0,3.0,8.333333333333334,38.333333333333336,0,1,73.0,0
2019-11-03,62.0,2019-W44,0.8493150684931506,0.0,0.0,8.333333333333334,14.0,0,0,73.0,0
2019-11-04,61.0,2019-W45,0.8356164383561644,4.0,0.0,26.0,14.0,1,0,73.0,0
2019-11-05,61.0,2019-W45,0.8356164383561644,0.0,0.0,8.333333333333334,14.0,0,0,73.0,0
2019-11-06,61.0,2019-W45,0.8356164383561644,3.0,2.0,16.0,5.0,1,1,73.0,0
2019-11-07,62.0,2019-W45,0.8493150684931506,0.0,1.0,8.333333333333334,7.0,0,1,73.0,0
2019-11-08,64.0,2019-W45,0.8767123287671232,2.0,3.0,6.0,7.0,1,1,73.0,0
2019-11-09,65.0,2019-W45,0.8904109589041096,3.0,1.0,5.333333333333333,14.0,1,1,73.0,0
2019-11-10,67.0,2019-W45,0.9178082191780822,0.0,0.0,8.333333333333334,14.0,0,0,73.0,0
2019-11-11,66.0,2019-W46,0.9041095890410958,5.0,0.0,6.8,14.0,1,0,73.0,0
2019-11-12,66.0,2019-W46,0.9041095890410958,4.0,1.0,5.5,11.0,1,1,73.0,0
2019-11-13,67.0,2019-W46,0.9178082191780822,0.0,0.0,8.333333333333334,14.0,0,0,73.0,0
2019-11-14,66.0,2019-W46,0.9041095890410958,0.0,0.0,8.333333333333334,14.0,0,0,73.0,0
2019-11-15,65.0,2019-W46,0.8904109589041096,3.0,1.0,1.6666666666666667,30.0,1,1,73.0,0
2019-11-16,68.0,2019-W46,0.9315068493150684,0.0,3.0,8.333333333333334,39.0,0,1,73.0,0
2019-11-17,69.0,2019-W46,0.9452054794520548,0.0,0.0,8.333333333333334,14.0,0,0,73.0,0
2019-11-18,69.0,2019-W47,0.9452054794520548,1.0,0.0,3.0,14.0,1,0,73.0,0
2019-11-19,69.0,2019-W47,0.9452054794520548,0.0,2.0,8.333333333333334,19.0,0,1,73.0,0
2019-11-20,68.0,2019-W47,0.9315068493150684,2.0,3.0,14.0,0.0,1,1,73.0,0
2019-11-21,70.0,2019-W47,0.958904109589041,0.0,2.0,8.333333333333334,21.5,0,1,73.0,0
2019-11-22,71.0,2019-W47,0.9726027397260274,2.0,0.0,4.0,14.0,1,0,73.0,0
2019-11-23,70.0,2019-W47,0.958904109589041,0.0,0.0,8.333333333333334,14.0,0,0,73.0,0
2019-11-24,70.0,2019-W47,0.958904109589041,0.0,0.0,8.333333333333334,14.0,0,0,73.0,0
2019-11-25,69.0,2019-W48,0.9452054794520548,0.0,0.0,8.333333333333334,14.0,0,0,73.0,0
2019-11-26,70.0,2019-W48,0.958904109589041,1.0,0.0,0.0,14.0,1,0,73.0,0
2019-11-27,70.0,2019-W48,0.958904109589041,0.0,0.0,8.333333333333334,14.0,0,0,73.0,0
2019-11-28,70.0,2019-W48,0.958904109589041,0.0,2.0,8.333333333333334,13.0,0,1,73.0,0
2019-11-29,69.0,2019-W48,0.9452054794520548,0.0,0.0,8.333333333333334,14.0,0,0,73.0,0
2019-11-30,71.0,2019-W48,0.9726027397260274,0.0,2.0,8.333333333333334,21.5,0,1,73.0,0
2019-12-01,72.0,2019-W48,0.9863013698630136,0.0,2.0,8.333333333333334,23.5,0,1,73.0,0
2019-12-02,72.0,2019-W49,0.9863013698630136,0.0,1.0,8.333333333333334,6.0,0,1,73.0,0
2019-12-03,73.0,2019-W49,1.0,1.0,1.0,13.0,62.0,1,1,73.0,0
2019-12-04,73.0,2019-W49,1.0,0.0,2.0,8.333333333333334,10.0,0,1,73.0,0
2019-12-05,73.0,2019-W49,1.0,2.0,1.0,6.0,14.0,1,1,73.0,0
2019-12-06,73.0,2019-W49,1.0,0.0,0.0,8.333333333333334,14.0,0,0,73.0,0
2019-12-07,73.0,2019-W49,1.0,0.0,0.0,8.333333333333334,14.0,0,0,73.0,0
2019-12-08,72.0,2019-W49,0.9863013698630136,0.0,0.0,8.333333333333334,14.0,0,0,73.0,0
2019-12-09,72.0,2019-W50,0.9863013698630136,0.0,1.0,8.333333333333334,8.0,0,1,73.0,0
2019-12-10,72.0,2019-W50,0.9863013698630136,0.0,0.0,8.333333333333334,14.0,0,0,73.0,0
2019-12-11,72.0,2019-W50,0.9863013698630136,1.0,1.0,8.333333333333334,4.0,1,1,73.0,0
2019-12-12,72.0,2019-W50,0.9863013698630136,0.0,0.0,8.333333333333334,14.0,0,0,73.0,0
2019-12-13,70.0,2019-W50,0.958904109589041,0.0,0.0,8.333333333333334,14.0,0,0,73.0,0
2019-12-14,70.0,2019-W50,0.958904109589041,0.0,0.0,8.333333333333334,14.0,0,0,73.0,0
2019-12-15,65.0,2019-W50,0.8904109589041096,0.0,0.0,8.333333333333334,14.0,0,0,73.0,0
2019-12-16,66.0,2019-W51,0.9041095890410958,0.0,1.0,8.333333333333334,29.0,0,1,73.0,0
2019-12-17,65.0,2019-W51,0.8904109589041096,0.0,0.0,8.333333333333334,14.0,0,0,73.0,0
2019-12-18,65.0,2019-W51,0.8904109589041096,0.0,0.0,8.333333333333334,14.0,0,0,73.0,0
2019-12-19,64.0,2019-W51,0.8767123287671232,0.0,0.0,8.333333333333334,14.0,0,0,73.0,0
2019-12-20,63.0,2019-W51,0.863013698630137,0.0,0.0,8.333333333333334,14.0,0,0,73.0,0
2019-12-21,62.0,2019-W51,0.8493150684931506,0.0,0.0,8.333333333333334,14.0,0,0,73.0,0
2019-12-22,61.0,2019-W51,0.8356164383561644,0.0,0.0,8.333333333333334,14.0,0,0,73.0,0
2019-12-23,61.0,2019-W52,0.8356164383561644,0.0,0.0,8.333333333333334,14.0,0,0,73.0,0
2019-12-24,61.0,2019-W52,0.8356164383561644,0.0,0.0,8.333333333333334,14.0,0,0,73.0,0
2019-12-25,61.0,2019-W52,0.8356164383561644,0.0,0.0,8.333333333333334,14.0,0,0,73.0,0
2019-12-26,61.0,2019-W52,0.8356164383561644,0.0,0.0,8.333333333333334,14.0,0,0,73.0,0
2019-12-27,61.0,2019-W52,0.8356164383561644,0.0,0.0,8.333333333333334,14.0,0,0,73.0,0
2019-12-28,60.0,2019-W52,0.821917808219178,0.0,0.0,8.333333333333334,14.0,0,0,73.0,0
2019-12-29,59.0,2019-W52,0.8082191780821918,0.0,0.0,8.333333333333334,14.0,0,0,73.0,0
2019-12-30,59.0,2020-W01,0.8082191780821918,0.0,0.0,8.333333333333334,14.0,0,0,73.0,0
